StockName,Symbol,Date,Open,High,Low,Close,PrevClose,Volume
ROUTE MOBILE LIMITED,ROUTE,2024-03-28,1601.1,1612.8,1599.9,1602.25,1600.45,165818
ROUTE MOBILE LIMITED,ROUTE,2024-03-27,1608.0,1608.0,1600.1,1600.45,1600.5,174559
ROUTE MOBILE LIMITED,ROUTE,2024-03-26,1600.55,1611.8,1599.1,1600.5,1600.55,183443
ROUTE MOBILE LIMITED,ROUTE,2024-03-22,1600.0,1606.9,1595.05,1600.55,1603.45,265822
ROUTE MOBILE LIMITED,ROUTE,2024-03-21,1615.0,1617.9,1599.95,1603.45,1610.9,936416
ROUTE MOBILE LIMITED,ROUTE,2024-03-20,1602.15,1624.75,1600.0,1610.9,1578.75,594736
ROUTE MOBILE LIMITED,ROUTE,2024-03-19,1584.0,1584.15,1571.75,1578.75,1584.2,150696
ROUTE MOBILE LIMITED,ROUTE,2024-03-18,1565.1,1589.8,1564.75,1584.2,1567.05,176074
ROUTE MOBILE LIMITED,ROUTE,2024-03-15,1558.0,1575.0,1552.65,1567.05,1557.8,152887
ROUTE MOBILE LIMITED,ROUTE,2024-03-14,1570.95,1595.0,1550.5,1557.8,1569.45,461509
ROUTE MOBILE LIMITED,ROUTE,2024-03-13,1570.5,1579.85,1553.75,1569.45,1576.85,234366
ROUTE MOBILE LIMITED,ROUTE,2024-03-12,1575.0,1581.2,1567.0,1576.85,1578.25,193183
ROUTE MOBILE LIMITED,ROUTE,2024-03-11,1593.5,1593.5,1577.0,1578.25,1585.25,165337
ROUTE MOBILE LIMITED,ROUTE,2024-03-07,1583.0,1590.0,1578.25,1585.25,1591.25,42569
ROUTE MOBILE LIMITED,ROUTE,2024-03-06,1581.1,1599.9,1577.0,1591.25,1588.7,81877
ROUTE MOBILE LIMITED,ROUTE,2024-03-05,1581.85,1598.0,1575.2,1588.7,1581.3,83019
ROUTE MOBILE LIMITED,ROUTE,2024-03-04,1590.0,1598.9,1579.8,1581.3,1591.85,219545
ROUTE MOBILE LIMITED,ROUTE,2024-03-02,1591.25,1599.95,1584.0,1591.85,1594.3,12056
ROUTE MOBILE LIMITED,ROUTE,2024-03-01,1600.0,1600.0,1589.3,1594.3,1595.05,95023
ROUTE MOBILE LIMITED,ROUTE,2024-02-29,1609.85,1609.85,1580.1,1595.05,1599.8,123359
ROUTE MOBILE LIMITED,ROUTE,2024-02-28,1605.0,1607.95,1595.0,1599.8,1597.2,94446
ROUTE MOBILE LIMITED,ROUTE,2024-02-27,1596.0,1615.0,1592.55,1597.2,1597.0,362684
ROUTE MOBILE LIMITED,ROUTE,2024-02-26,1604.85,1607.9,1595.3,1597.0,1600.15,455451
ROUTE MOBILE LIMITED,ROUTE,2024-02-23,1610.0,1610.0,1589.2,1600.15,1606.7,495792
ROUTE MOBILE LIMITED,ROUTE,2024-02-22,1591.0,1610.65,1591.0,1606.7,1596.15,147586
ROUTE MOBILE LIMITED,ROUTE,2024-02-21,1629.95,1629.95,1591.6,1596.15,1621.75,217435
ROUTE MOBILE LIMITED,ROUTE,2024-02-20,1620.0,1672.65,1620.0,1621.75,1612.25,379761
ROUTE MOBILE LIMITED,ROUTE,2024-02-19,1602.0,1619.7,1600.0,1612.25,1600.8,94802
ROUTE MOBILE LIMITED,ROUTE,2024-02-16,1605.0,1608.65,1595.1,1600.8,1602.55,104335
ROUTE MOBILE LIMITED,ROUTE,2024-02-15,1590.0,1609.0,1587.0,1602.55,1587.05,65244
ROUTE MOBILE LIMITED,ROUTE,2024-02-14,1586.0,1589.85,1581.0,1587.05,1591.85,71937
ROUTE MOBILE LIMITED,ROUTE,2024-02-13,1590.1,1601.95,1585.0,1591.85,1595.6,75619
ROUTE MOBILE LIMITED,ROUTE,2024-02-12,1597.2,1612.35,1585.0,1595.6,1596.85,88947
ROUTE MOBILE LIMITED,ROUTE,2024-02-09,1613.05,1613.05,1586.0,1596.85,1613.75,77671
ROUTE MOBILE LIMITED,ROUTE,2024-02-08,1619.0,1624.95,1610.0,1613.75,1613.8,127431
ROUTE MOBILE LIMITED,ROUTE,2024-02-07,1606.0,1619.2,1603.0,1613.8,1602.85,123469
ROUTE MOBILE LIMITED,ROUTE,2024-02-06,1580.25,1622.8,1579.0,1602.85,1577.25,164673
ROUTE MOBILE LIMITED,ROUTE,2024-02-05,1589.9,1597.85,1571.0,1577.25,1582.25,108598
ROUTE MOBILE LIMITED,ROUTE,2024-02-02,1579.25,1594.8,1574.35,1582.25,1579.2,90973
ROUTE MOBILE LIMITED,ROUTE,2024-02-01,1599.9,1599.9,1577.0,1579.2,1592.9,56377
ROUTE MOBILE LIMITED,ROUTE,2024-01-31,1571.8,1603.25,1566.0,1592.9,1571.8,249915
ROUTE MOBILE LIMITED,ROUTE,2024-01-30,1585.0,1585.0,1562.4,1571.8,1570.15,94838
ROUTE MOBILE LIMITED,ROUTE,2024-01-29,1587.75,1587.75,1565.15,1570.15,1575.5,458266
ROUTE MOBILE LIMITED,ROUTE,2024-01-25,1575.0,1587.6,1565.0,1575.5,1565.3,163839
ROUTE MOBILE LIMITED,ROUTE,2024-01-24,1601.05,1605.85,1560.0,1565.3,1623.65,711423
ROUTE MOBILE LIMITED,ROUTE,2024-01-23,1654.95,1654.95,1595.0,1623.65,1642.35,120466
ROUTE MOBILE LIMITED,ROUTE,2024-01-20,1630.0,1652.8,1605.5,1642.35,1616.8,72550
ROUTE MOBILE LIMITED,ROUTE,2024-01-19,1599.9,1630.0,1599.9,1616.8,1594.15,87142
ROUTE MOBILE LIMITED,ROUTE,2024-01-18,1624.95,1632.9,1590.0,1594.15,1624.9,113969
ROUTE MOBILE LIMITED,ROUTE,2024-01-17,1635.5,1642.35,1621.1,1624.9,1652.35,104248
ROUTE MOBILE LIMITED,ROUTE,2024-01-16,1651.0,1664.7,1628.1,1652.35,1628.45,147804
ROUTE MOBILE LIMITED,ROUTE,2024-01-15,1678.0,1699.95,1612.0,1628.45,1648.65,256256
ROUTE MOBILE LIMITED,ROUTE,2024-01-12,1649.8,1677.0,1642.7,1648.65,1645.7,169217
ROUTE MOBILE LIMITED,ROUTE,2024-01-11,1647.0,1657.7,1616.5,1645.7,1633.65,117672
ROUTE MOBILE LIMITED,ROUTE,2024-01-10,1643.0,1649.8,1625.9,1633.65,1639.6,82125
ROUTE MOBILE LIMITED,ROUTE,2024-01-09,1643.95,1644.4,1617.0,1639.6,1632.95,120346
ROUTE MOBILE LIMITED,ROUTE,2024-01-08,1678.0,1678.0,1630.0,1632.95,1669.9,65096
ROUTE MOBILE LIMITED,ROUTE,2024-01-05,1646.1,1703.35,1643.5,1669.9,1646.2,169901
ROUTE MOBILE LIMITED,ROUTE,2024-01-04,1685.0,1687.0,1636.0,1646.2,1680.2,147222
ROUTE MOBILE LIMITED,ROUTE,2024-01-03,1675.9,1689.4,1655.1,1680.2,1679.15,171190
ROUTE MOBILE LIMITED,ROUTE,2024-01-02,1674.25,1735.0,1660.0,1679.15,1668.75,811967
ROUTE MOBILE LIMITED,ROUTE,2024-01-01,1608.55,1684.0,1590.7,1668.75,1598.55,685849
ROUTE MOBILE LIMITED,ROUTE,2023-12-29,1588.85,1607.0,1576.0,1598.55,1588.85,265178
ROUTE MOBILE LIMITED,ROUTE,2023-12-28,1597.0,1597.0,1579.4,1588.85,1581.3,64181
ROUTE MOBILE LIMITED,ROUTE,2023-12-27,1600.0,1602.85,1575.05,1581.3,1594.25,56440
ROUTE MOBILE LIMITED,ROUTE,2023-12-26,1600.0,1607.0,1585.0,1594.25,1595.1,90138
ROUTE MOBILE LIMITED,ROUTE,2023-12-22,1607.75,1607.75,1580.05,1595.1,1586.05,55416
ROUTE MOBILE LIMITED,ROUTE,2023-12-21,1575.0,1599.0,1575.0,1586.05,1583.45,81934
ROUTE MOBILE LIMITED,ROUTE,2023-12-20,1606.6,1627.35,1575.1,1583.45,1606.6,239699
ROUTE MOBILE LIMITED,ROUTE,2023-12-19,1605.05,1628.5,1602.1,1606.6,1610.0,164564
ROUTE MOBILE LIMITED,ROUTE,2023-12-18,1612.05,1625.0,1602.1,1610.0,1613.05,185641
ROUTE MOBILE LIMITED,ROUTE,2023-12-15,1590.0,1621.0,1586.15,1613.05,1581.9,519332
ROUTE MOBILE LIMITED,ROUTE,2023-12-14,1568.6,1590.0,1567.55,1581.9,1562.15,280800
ROUTE MOBILE LIMITED,ROUTE,2023-12-13,1560.2,1564.0,1550.05,1562.15,1560.05,103907
ROUTE MOBILE LIMITED,ROUTE,2023-12-12,1559.0,1563.35,1548.15,1560.05,1554.85,97398
ROUTE MOBILE LIMITED,ROUTE,2023-12-11,1540.0,1563.55,1537.35,1554.85,1543.15,95437
ROUTE MOBILE LIMITED,ROUTE,2023-12-08,1554.5,1557.85,1540.65,1543.15,1553.5,98012
ROUTE MOBILE LIMITED,ROUTE,2023-12-07,1553.0,1559.6,1541.1,1553.5,1560.3,114034
ROUTE MOBILE LIMITED,ROUTE,2023-12-06,1560.0,1563.95,1550.05,1560.3,1554.95,119883
ROUTE MOBILE LIMITED,ROUTE,2023-12-05,1555.05,1556.2,1547.9,1554.95,1556.25,61425
ROUTE MOBILE LIMITED,ROUTE,2023-12-04,1550.0,1560.0,1534.0,1556.25,1539.9,103265
ROUTE MOBILE LIMITED,ROUTE,2023-12-01,1563.0,1563.0,1536.05,1539.9,1550.3,106196
ROUTE MOBILE LIMITED,ROUTE,2023-11-30,1544.9,1564.8,1529.7,1550.3,1537.6,190073
ROUTE MOBILE LIMITED,ROUTE,2023-11-29,1530.0,1543.65,1526.05,1537.6,1530.6,152571
ROUTE MOBILE LIMITED,ROUTE,2023-11-28,1540.35,1542.0,1528.3,1530.6,1540.35,130457
ROUTE MOBILE LIMITED,ROUTE,2023-11-24,1555.05,1557.7,1535.0,1540.35,1556.4,71403
ROUTE MOBILE LIMITED,ROUTE,2023-11-23,1549.4,1562.15,1546.25,1556.4,1548.4,66888
ROUTE MOBILE LIMITED,ROUTE,2023-11-22,1553.5,1555.05,1545.2,1548.4,1553.0,44135
ROUTE MOBILE LIMITED,ROUTE,2023-11-21,1551.0,1563.9,1548.0,1553.0,1550.0,45157
ROUTE MOBILE LIMITED,ROUTE,2023-11-20,1552.0,1555.8,1548.35,1550.0,1556.9,63626
ROUTE MOBILE LIMITED,ROUTE,2023-11-17,1566.5,1571.0,1553.05,1556.9,1558.05,89409
ROUTE MOBILE LIMITED,ROUTE,2023-11-16,1564.0,1568.9,1550.65,1558.05,1560.45,91195
ROUTE MOBILE LIMITED,ROUTE,2023-11-15,1555.45,1564.5,1553.0,1560.45,1554.4,54768
ROUTE MOBILE LIMITED,ROUTE,2023-11-13,1552.0,1559.95,1552.0,1554.4,1555.6,40532
ROUTE MOBILE LIMITED,ROUTE,2023-11-12,1559.0,1560.0,1552.0,1555.6,1555.1,14995
ROUTE MOBILE LIMITED,ROUTE,2023-11-10,1550.0,1559.75,1549.0,1555.1,1555.0,34072
ROUTE MOBILE LIMITED,ROUTE,2023-11-09,1564.0,1566.0,1553.25,1555.0,1558.9,32164
ROUTE MOBILE LIMITED,ROUTE,2023-11-08,1558.8,1567.25,1552.5,1558.9,1558.8,40914
ROUTE MOBILE LIMITED,ROUTE,2023-11-07,1559.75,1565.3,1554.0,1558.8,1559.75,108754
ROUTE MOBILE LIMITED,ROUTE,2023-11-06,1560.0,1568.0,1551.5,1559.75,1556.65,64054
ROUTE MOBILE LIMITED,ROUTE,2023-11-03,1570.0,1572.95,1554.0,1556.65,1567.1,37006
ROUTE MOBILE LIMITED,ROUTE,2023-11-02,1561.6,1571.95,1558.0,1567.1,1557.15,53702
ROUTE MOBILE LIMITED,ROUTE,2023-11-01,1550.65,1572.0,1550.2,1557.15,1553.2,83322
ROUTE MOBILE LIMITED,ROUTE,2023-10-31,1575.0,1575.2,1549.0,1553.2,1567.2,171136
ROUTE MOBILE LIMITED,ROUTE,2023-10-30,1595.0,1597.65,1565.2,1567.2,1579.2,96066
ROUTE MOBILE LIMITED,ROUTE,2023-10-27,1560.45,1585.0,1559.1,1579.2,1553.1,169414
ROUTE MOBILE LIMITED,ROUTE,2023-10-26,1557.95,1564.95,1544.0,1553.1,1562.05,130366
ROUTE MOBILE LIMITED,ROUTE,2023-10-25,1559.95,1576.0,1556.0,1562.05,1558.05,104377
ROUTE MOBILE LIMITED,ROUTE,2023-10-23,1569.95,1584.0,1556.0,1558.05,1568.1,161472
ROUTE MOBILE LIMITED,ROUTE,2023-10-20,1571.0,1581.4,1562.65,1568.1,1573.35,56798
ROUTE MOBILE LIMITED,ROUTE,2023-10-19,1582.75,1592.35,1569.75,1573.35,1582.75,125142
ROUTE MOBILE LIMITED,ROUTE,2023-10-18,1593.0,1593.0,1581.6,1582.75,1583.45,76483
ROUTE MOBILE LIMITED,ROUTE,2023-10-17,1585.05,1598.8,1580.1,1583.45,1582.3,184513
ROUTE MOBILE LIMITED,ROUTE,2023-10-16,1565.0,1584.4,1562.05,1582.3,1574.25,89020
ROUTE MOBILE LIMITED,ROUTE,2023-10-13,1582.25,1583.1,1566.7,1574.25,1583.45,52014
ROUTE MOBILE LIMITED,ROUTE,2023-10-12,1564.5,1589.8,1556.15,1583.45,1556.1,181051
ROUTE MOBILE LIMITED,ROUTE,2023-10-11,1560.55,1573.0,1553.0,1556.1,1560.55,87760
ROUTE MOBILE LIMITED,ROUTE,2023-10-10,1559.95,1563.0,1552.0,1560.55,1557.35,66099
ROUTE MOBILE LIMITED,ROUTE,2023-10-09,1552.5,1563.0,1542.8,1557.35,1557.85,95571
ROUTE MOBILE LIMITED,ROUTE,2023-10-06,1562.05,1569.0,1555.65,1557.85,1562.45,63922
ROUTE MOBILE LIMITED,ROUTE,2023-10-05,1559.75,1566.4,1552.25,1562.45,1559.75,87112
ROUTE MOBILE LIMITED,ROUTE,2023-10-04,1561.9,1567.85,1550.65,1559.75,1562.8,104999
ROUTE MOBILE LIMITED,ROUTE,2023-10-03,1585.0,1586.3,1561.0,1562.8,1590.55,78996
ROUTE MOBILE LIMITED,ROUTE,2023-09-29,1583.15,1594.0,1566.0,1590.55,1578.05,187280
ROUTE MOBILE LIMITED,ROUTE,2023-09-28,1560.0,1584.5,1558.75,1578.05,1560.8,257457
ROUTE MOBILE LIMITED,ROUTE,2023-09-27,1555.0,1566.45,1553.65,1560.8,1551.55,146785
ROUTE MOBILE LIMITED,ROUTE,2023-09-26,1565.0,1569.9,1550.0,1551.55,1562.15,107948
ROUTE MOBILE LIMITED,ROUTE,2023-09-25,1577.1,1599.8,1561.2,1562.15,1577.1,106878
ROUTE MOBILE LIMITED,ROUTE,2023-09-22,1563.0,1585.0,1563.0,1577.1,1568.7,109983
ROUTE MOBILE LIMITED,ROUTE,2023-09-21,1575.0,1580.0,1552.0,1568.7,1578.3,91951
ROUTE MOBILE LIMITED,ROUTE,2023-09-20,1576.0,1593.9,1571.0,1578.3,1580.4,77944
ROUTE MOBILE LIMITED,ROUTE,2023-09-18,1595.0,1598.7,1565.75,1580.4,1591.7,89031
ROUTE MOBILE LIMITED,ROUTE,2023-09-15,1595.95,1603.55,1578.0,1591.7,1594.3,172525
ROUTE MOBILE LIMITED,ROUTE,2023-09-14,1596.45,1600.0,1580.0,1594.3,1580.9,148459
ROUTE MOBILE LIMITED,ROUTE,2023-09-13,1564.9,1594.9,1544.8,1580.9,1568.55,214355
ROUTE MOBILE LIMITED,ROUTE,2023-09-12,1595.0,1602.4,1555.0,1568.55,1590.8,333852
ROUTE MOBILE LIMITED,ROUTE,2023-09-11,1565.0,1614.85,1565.0,1590.8,1565.0,572147
ROUTE MOBILE LIMITED,ROUTE,2023-09-08,1555.15,1569.0,1550.4,1565.0,1551.65,132443
ROUTE MOBILE LIMITED,ROUTE,2023-09-07,1543.95,1561.15,1543.95,1551.65,1547.6,159022
ROUTE MOBILE LIMITED,ROUTE,2023-09-05,1548.7,1558.0,1546.7,1553.25,1548.35,94633
ROUTE MOBILE LIMITED,ROUTE,2023-09-01,1574.0,1574.7,1542.0,1553.65,1570.5,257927
ROUTE MOBILE LIMITED,ROUTE,2023-08-31,1555.0,1578.65,1544.1,1570.5,1559.1,234810
ROUTE MOBILE LIMITED,ROUTE,2023-08-30,1532.55,1563.95,1532.55,1559.1,1531.45,228768
ROUTE MOBILE LIMITED,ROUTE,2023-08-29,1530.0,1548.0,1528.0,1531.45,1523.15,83339
ROUTE MOBILE LIMITED,ROUTE,2023-08-28,1530.0,1543.05,1522.2,1523.15,1529.7,95696
ROUTE MOBILE LIMITED,ROUTE,2023-08-25,1554.8,1559.05,1522.0,1529.7,1548.6,187501
ROUTE MOBILE LIMITED,ROUTE,2023-08-24,1560.85,1562.9,1543.45,1548.6,1557.75,131949
ROUTE MOBILE LIMITED,ROUTE,2023-08-23,1549.7,1559.8,1546.0,1557.75,1545.35,157431
ROUTE MOBILE LIMITED,ROUTE,2023-08-22,1545.05,1554.0,1541.0,1545.35,1535.2,164042
ROUTE MOBILE LIMITED,ROUTE,2023-08-21,1560.0,1560.0,1532.0,1535.2,1535.6,229188
ROUTE MOBILE LIMITED,ROUTE,2023-08-18,1534.5,1557.8,1521.95,1535.6,1530.85,315697
ROUTE MOBILE LIMITED,ROUTE,2023-08-17,1530.55,1539.0,1515.1,1530.85,1533.1,247046
ROUTE MOBILE LIMITED,ROUTE,2023-08-16,1519.7,1542.1,1511.05,1533.1,1520.05,147956
ROUTE MOBILE LIMITED,ROUTE,2023-08-14,1510.0,1528.0,1499.05,1520.05,1514.7,151252
ROUTE MOBILE LIMITED,ROUTE,2023-08-11,1527.0,1531.35,1510.1,1514.7,1519.35,220168
ROUTE MOBILE LIMITED,ROUTE,2023-08-10,1510.0,1524.9,1502.45,1519.35,1512.4,283767
ROUTE MOBILE LIMITED,ROUTE,2023-08-09,1480.0,1519.6,1480.0,1512.4,1473.6,394438
ROUTE MOBILE LIMITED,ROUTE,2023-08-08,1489.7,1489.7,1466.4,1473.6,1481.6,411441
ROUTE MOBILE LIMITED,ROUTE,2023-08-07,1481.3,1491.8,1472.0,1481.6,1481.3,167105
ROUTE MOBILE LIMITED,ROUTE,2023-08-04,1499.4,1507.95,1479.0,1481.3,1493.05,612143
ROUTE MOBILE LIMITED,ROUTE,2023-08-03,1490.4,1499.55,1480.05,1493.05,1498.75,195783
ROUTE MOBILE LIMITED,ROUTE,2023-08-02,1523.4,1536.9,1492.0,1498.75,1525.0,394510
ROUTE MOBILE LIMITED,ROUTE,2023-08-01,1504.0,1529.0,1492.0,1525.0,1500.1,480733
ROUTE MOBILE LIMITED,ROUTE,2023-07-31,1500.95,1516.5,1490.0,1500.1,1500.8,302028
ROUTE MOBILE LIMITED,ROUTE,2023-07-28,1540.0,1559.7,1490.0,1500.8,1537.7,964205
ROUTE MOBILE LIMITED,ROUTE,2023-07-27,1530.15,1544.95,1527.75,1537.7,1527.75,224898
ROUTE MOBILE LIMITED,ROUTE,2023-07-26,1488.05,1536.8,1485.05,1527.75,1486.6,497634
ROUTE MOBILE LIMITED,ROUTE,2023-07-25,1496.7,1500.0,1485.1,1486.6,1490.7,241149
ROUTE MOBILE LIMITED,ROUTE,2023-07-24,1489.85,1505.4,1485.0,1490.7,1490.4,208369
ROUTE MOBILE LIMITED,ROUTE,2023-07-21,1488.7,1496.05,1478.65,1490.4,1489.35,287268
ROUTE MOBILE LIMITED,ROUTE,2023-07-20,1493.0,1511.25,1486.35,1489.35,1489.75,351434
ROUTE MOBILE LIMITED,ROUTE,2023-07-19,1500.0,1510.9,1484.4,1489.75,1489.85,523426
ROUTE MOBILE LIMITED,ROUTE,2023-07-18,1490.0,1549.0,1471.1,1489.85,1488.0,2630509
ROUTE MOBILE LIMITED,ROUTE,2023-07-17,1640.0,1759.9,1474.0,1488.0,1625.35,7393624
ROUTE MOBILE LIMITED,ROUTE,2023-07-14,1641.4,1673.9,1620.45,1625.35,1636.45,204637
ROUTE MOBILE LIMITED,ROUTE,2023-07-13,1615.75,1698.0,1615.75,1636.45,1612.05,869282
ROUTE MOBILE LIMITED,ROUTE,2023-07-12,1599.0,1628.85,1589.4,1612.05,1592.55,498023
ROUTE MOBILE LIMITED,ROUTE,2023-07-11,1553.15,1595.7,1551.0,1592.55,1553.15,130994
ROUTE MOBILE LIMITED,ROUTE,2023-07-10,1585.0,1597.0,1546.05,1553.15,1580.75,166636
ROUTE MOBILE LIMITED,ROUTE,2023-07-07,1605.2,1614.0,1576.0,1580.75,1612.3,181676
ROUTE MOBILE LIMITED,ROUTE,2023-07-06,1609.7,1633.0,1599.15,1612.3,1609.3,189156
ROUTE MOBILE LIMITED,ROUTE,2023-07-05,1610.0,1633.65,1595.1,1609.3,1610.35,110042
ROUTE MOBILE LIMITED,ROUTE,2023-07-04,1613.95,1638.65,1594.05,1610.35,1607.4,152871
ROUTE MOBILE LIMITED,ROUTE,2023-07-03,1602.0,1647.7,1601.95,1607.4,1593.1,286699
ROUTE MOBILE LIMITED,ROUTE,2023-06-30,1596.1,1619.8,1584.6,1593.1,1590.6,100041
ROUTE MOBILE LIMITED,ROUTE,2023-06-28,1602.0,1622.0,1586.05,1590.6,1595.5,142145
ROUTE MOBILE LIMITED,ROUTE,2023-06-27,1607.0,1618.45,1590.8,1595.5,1602.85,229665
ROUTE MOBILE LIMITED,ROUTE,2023-06-26,1557.7,1638.0,1554.05,1602.85,1554.05,452742
ROUTE MOBILE LIMITED,ROUTE,2023-06-23,1577.35,1607.95,1540.05,1554.05,1575.3,197862
ROUTE MOBILE LIMITED,ROUTE,2023-06-22,1618.0,1627.15,1566.05,1575.3,1616.1,153924
ROUTE MOBILE LIMITED,ROUTE,2023-06-21,1646.0,1655.0,1609.05,1616.1,1642.15,274593
ROUTE MOBILE LIMITED,ROUTE,2023-06-20,1575.95,1645.4,1568.05,1642.15,1573.45,625935
ROUTE MOBILE LIMITED,ROUTE,2023-06-19,1579.4,1596.0,1562.35,1573.45,1574.35,176982
ROUTE MOBILE LIMITED,ROUTE,2023-06-16,1563.4,1597.05,1559.6,1574.35,1561.4,244049
ROUTE MOBILE LIMITED,ROUTE,2023-06-15,1552.95,1583.8,1542.0,1561.4,1529.85,382133
ROUTE MOBILE LIMITED,ROUTE,2023-06-14,1508.7,1553.8,1508.0,1529.85,1503.95,227433
ROUTE MOBILE LIMITED,ROUTE,2023-06-13,1500.65,1524.75,1500.0,1503.95,1498.05,163687
ROUTE MOBILE LIMITED,ROUTE,2023-06-12,1495.8,1518.95,1486.25,1498.05,1491.0,141626
ROUTE MOBILE LIMITED,ROUTE,2023-06-09,1484.4,1496.55,1452.0,1491.0,1484.25,296836
ROUTE MOBILE LIMITED,ROUTE,2023-06-08,1535.6,1537.5,1476.6,1484.25,1531.05,156705
ROUTE MOBILE LIMITED,ROUTE,2023-06-07,1525.0,1542.0,1521.75,1531.05,1519.85,172722
ROUTE MOBILE LIMITED,ROUTE,2023-06-06,1494.5,1546.95,1490.65,1519.85,1494.05,440065
ROUTE MOBILE LIMITED,ROUTE,2023-06-05,1506.5,1519.0,1477.75,1494.05,1498.1,145802
ROUTE MOBILE LIMITED,ROUTE,2023-06-02,1465.0,1509.75,1462.45,1498.1,1456.75,473477
ROUTE MOBILE LIMITED,ROUTE,2023-06-01,1444.2,1478.0,1442.85,1456.75,1437.15,220218
ROUTE MOBILE LIMITED,ROUTE,2023-05-31,1427.0,1455.0,1406.25,1437.15,1431.55,303239
ROUTE MOBILE LIMITED,ROUTE,2023-05-30,1459.0,1465.0,1421.0,1431.55,1462.05,193083
ROUTE MOBILE LIMITED,ROUTE,2023-05-29,1443.5,1479.0,1427.35,1462.05,1440.75,285075
ROUTE MOBILE LIMITED,ROUTE,2023-05-26,1464.7,1464.7,1427.0,1440.75,1459.3,153817
ROUTE MOBILE LIMITED,ROUTE,2023-05-25,1455.4,1488.6,1446.0,1459.3,1452.25,217651
ROUTE MOBILE LIMITED,ROUTE,2023-05-24,1461.45,1468.9,1431.9,1452.25,1468.35,417464
ROUTE MOBILE LIMITED,ROUTE,2023-05-23,1412.8,1529.6,1409.15,1468.35,1406.5,2188211
ROUTE MOBILE LIMITED,ROUTE,2023-05-22,1435.0,1474.95,1390.0,1406.5,1398.2,935960
ROUTE MOBILE LIMITED,ROUTE,2023-05-19,1389.9,1442.4,1355.0,1398.2,1383.0,816178
ROUTE MOBILE LIMITED,ROUTE,2023-05-18,1396.6,1412.0,1372.0,1383.0,1389.15,124636
ROUTE MOBILE LIMITED,ROUTE,2023-05-17,1381.2,1424.55,1365.0,1389.15,1381.2,257134
ROUTE MOBILE LIMITED,ROUTE,2023-05-16,1378.85,1427.9,1372.25,1381.2,1365.2,597504
ROUTE MOBILE LIMITED,ROUTE,2023-05-15,1304.7,1379.1,1298.0,1365.2,1301.05,620065
ROUTE MOBILE LIMITED,ROUTE,2023-05-12,1286.3,1305.7,1280.25,1301.05,1292.25,103804
ROUTE MOBILE LIMITED,ROUTE,2023-05-10,1294.8,1294.8,1277.0,1284.3,1290.0,46757
ROUTE MOBILE LIMITED,ROUTE,2023-05-09,1291.0,1300.0,1285.0,1290.0,1290.85,66433
ROUTE MOBILE LIMITED,ROUTE,2023-05-08,1292.0,1308.0,1281.05,1290.85,1284.05,136748
ROUTE MOBILE LIMITED,ROUTE,2023-05-05,1265.0,1291.9,1265.0,1284.05,1265.0,212800
ROUTE MOBILE LIMITED,ROUTE,2023-05-04,1262.0,1278.0,1255.05,1265.0,1259.5,76415
ROUTE MOBILE LIMITED,ROUTE,2023-05-03,1291.0,1292.5,1253.0,1259.5,1287.75,109628
ROUTE MOBILE LIMITED,ROUTE,2023-05-02,1275.0,1294.0,1266.55,1287.75,1270.75,191415
ROUTE MOBILE LIMITED,ROUTE,2023-04-28,1265.9,1274.3,1259.1,1270.75,1263.0,89727
ROUTE MOBILE LIMITED,ROUTE,2023-04-27,1247.5,1270.65,1238.5,1263.0,1246.6,135233
ROUTE MOBILE LIMITED,ROUTE,2023-04-26,1256.6,1256.6,1238.0,1246.6,1251.6,73589
ROUTE MOBILE LIMITED,ROUTE,2023-04-25,1265.0,1266.0,1249.0,1251.6,1254.05,75689
ROUTE MOBILE LIMITED,ROUTE,2023-04-24,1257.0,1268.9,1241.8,1254.05,1246.9,103998
ROUTE MOBILE LIMITED,ROUTE,2023-04-21,1262.1,1262.1,1237.0,1246.9,1255.3,93011
ROUTE MOBILE LIMITED,ROUTE,2023-04-20,1286.7,1286.7,1248.2,1255.3,1278.25,165218
ROUTE MOBILE LIMITED,ROUTE,2023-04-19,1265.95,1292.8,1265.95,1278.25,1251.3,205978
ROUTE MOBILE LIMITED,ROUTE,2023-04-18,1272.0,1275.8,1241.75,1251.3,1269.5,496367
ROUTE MOBILE LIMITED,ROUTE,2023-04-17,1262.95,1285.0,1251.05,1269.5,1270.2,123478
ROUTE MOBILE LIMITED,ROUTE,2023-04-13,1275.0,1280.9,1252.7,1270.2,1271.05,168968
ROUTE MOBILE LIMITED,ROUTE,2023-04-12,1223.3,1277.9,1209.0,1271.05,1215.75,1027130
ROUTE MOBILE LIMITED,ROUTE,2023-04-11,1267.15,1274.0,1212.0,1215.75,1257.5,474570
ROUTE MOBILE LIMITED,ROUTE,2023-04-10,1283.0,1289.8,1250.35,1257.5,1276.75,195938
ROUTE MOBILE LIMITED,ROUTE,2023-04-06,1334.95,1337.65,1275.05,1276.75,1330.1,282828
ROUTE MOBILE LIMITED,ROUTE,2023-04-05,1364.0,1379.0,1321.1,1330.1,1354.8,132634
ROUTE MOBILE LIMITED,ROUTE,2023-04-03,1365.0,1391.45,1345.0,1354.8,1365.9,157509
ROUTE MOBILE LIMITED,ROUTE,2023-03-31,1353.15,1377.55,1353.0,1365.9,1350.9,158823
ROUTE MOBILE LIMITED,ROUTE,2023-03-29,1360.0,1385.15,1343.0,1350.9,1360.4,305710
ROUTE MOBILE LIMITED,ROUTE,2023-03-28,1320.0,1369.0,1316.6,1360.4,1319.85,377183
ROUTE MOBILE LIMITED,ROUTE,2023-03-27,1313.0,1341.0,1295.05,1319.85,1315.65,155480
ROUTE MOBILE LIMITED,ROUTE,2023-03-24,1327.0,1339.55,1300.8,1315.65,1335.75,125205
ROUTE MOBILE LIMITED,ROUTE,2023-03-23,1332.75,1344.5,1316.3,1335.75,1334.5,134189
ROUTE MOBILE LIMITED,ROUTE,2023-03-22,1355.0,1362.95,1325.0,1334.5,1353.45,131876
ROUTE MOBILE LIMITED,ROUTE,2023-03-21,1346.3,1366.5,1320.0,1353.45,1346.85,190630
ROUTE MOBILE LIMITED,ROUTE,2023-03-20,1282.2,1355.6,1266.55,1346.85,1284.95,460800
ROUTE MOBILE LIMITED,ROUTE,2023-03-17,1273.95,1306.6,1272.0,1284.95,1265.45,143820
ROUTE MOBILE LIMITED,ROUTE,2023-03-16,1276.0,1287.6,1232.7,1265.45,1283.7,121093
ROUTE MOBILE LIMITED,ROUTE,2023-03-14,1352.55,1354.0,1311.0,1316.4,1347.3,212453
ROUTE MOBILE LIMITED,ROUTE,2023-03-13,1348.3,1369.9,1318.2,1347.3,1348.3,362969
ROUTE MOBILE LIMITED,ROUTE,2023-03-10,1299.0,1358.0,1282.3,1348.3,1311.05,242859
ROUTE MOBILE LIMITED,ROUTE,2023-03-09,1317.3,1339.5,1292.7,1311.05,1314.0,170878
ROUTE MOBILE LIMITED,ROUTE,2023-03-08,1311.0,1342.95,1302.5,1314.0,1322.55,137000
ROUTE MOBILE LIMITED,ROUTE,2023-03-06,1328.0,1355.0,1318.0,1322.55,1319.5,122687
ROUTE MOBILE LIMITED,ROUTE,2023-03-03,1324.5,1336.3,1314.05,1319.5,1315.1,57368
ROUTE MOBILE LIMITED,ROUTE,2023-03-02,1345.0,1353.7,1311.0,1315.1,1338.85,86345
ROUTE MOBILE LIMITED,ROUTE,2023-03-01,1351.95,1365.7,1336.0,1338.85,1344.6,91312
ROUTE MOBILE LIMITED,ROUTE,2023-02-28,1343.7,1367.15,1321.2,1344.6,1339.65,140698
ROUTE MOBILE LIMITED,ROUTE,2023-02-27,1338.25,1346.5,1295.9,1339.65,1336.9,166397
ROUTE MOBILE LIMITED,ROUTE,2023-02-24,1364.4,1373.05,1324.2,1336.9,1357.6,223785
ROUTE MOBILE LIMITED,ROUTE,2023-02-23,1330.0,1361.4,1303.0,1357.6,1309.7,348767
ROUTE MOBILE LIMITED,ROUTE,2023-02-22,1330.9,1330.9,1292.05,1309.7,1333.3,168354
ROUTE MOBILE LIMITED,ROUTE,2023-02-20,1328.8,1360.9,1316.7,1325.95,1328.8,260523
ROUTE MOBILE LIMITED,ROUTE,2023-02-17,1302.0,1334.0,1292.0,1328.8,1308.4,442020
ROUTE MOBILE LIMITED,ROUTE,2023-02-16,1255.8,1321.0,1255.75,1308.4,1252.55,441585
ROUTE MOBILE LIMITED,ROUTE,2023-02-15,1248.0,1267.75,1233.0,1252.55,1248.35,136484
ROUTE MOBILE LIMITED,ROUTE,2023-02-14,1258.0,1263.0,1222.5,1248.35,1260.25,256410
ROUTE MOBILE LIMITED,ROUTE,2023-02-13,1275.75,1298.9,1247.2,1260.25,1269.8,313375
ROUTE MOBILE LIMITED,ROUTE,2023-02-10,1238.85,1288.0,1234.0,1269.8,1250.0,485760
ROUTE MOBILE LIMITED,ROUTE,2023-02-09,1183.0,1262.75,1168.05,1250.0,1176.4,859976
ROUTE MOBILE LIMITED,ROUTE,2023-02-08,1175.05,1212.0,1170.85,1176.4,1176.8,301309
ROUTE MOBILE LIMITED,ROUTE,2023-02-07,1192.2,1197.95,1167.0,1176.8,1192.2,130929
ROUTE MOBILE LIMITED,ROUTE,2023-02-06,1188.7,1207.7,1177.25,1192.2,1188.35,150145
ROUTE MOBILE LIMITED,ROUTE,2023-02-03,1209.0,1222.1,1166.1,1188.35,1201.55,216624
ROUTE MOBILE LIMITED,ROUTE,2023-02-02,1198.0,1235.75,1193.0,1201.55,1211.2,164891
ROUTE MOBILE LIMITED,ROUTE,2023-02-01,1233.5,1269.9,1190.0,1211.2,1230.25,360553
ROUTE MOBILE LIMITED,ROUTE,2023-01-31,1176.0,1268.35,1165.9,1230.25,1164.7,1281350
ROUTE MOBILE LIMITED,ROUTE,2023-01-30,1214.7,1229.9,1157.35,1164.7,1204.95,254876
ROUTE MOBILE LIMITED,ROUTE,2023-01-27,1249.0,1259.55,1176.4,1204.95,1246.9,633503
ROUTE MOBILE LIMITED,ROUTE,2023-01-25,1232.55,1287.45,1232.25,1246.9,1229.75,1745900
ROUTE MOBILE LIMITED,ROUTE,2023-01-24,1178.0,1295.35,1148.1,1229.75,1142.2,5281952
ROUTE MOBILE LIMITED,ROUTE,2023-01-23,1182.15,1222.45,1136.2,1142.2,1176.3,968232
ROUTE MOBILE LIMITED,ROUTE,2023-01-20,1179.05,1191.7,1161.25,1176.3,1173.15,141162
ROUTE MOBILE LIMITED,ROUTE,2023-01-19,1185.0,1192.0,1170.05,1173.15,1192.7,94513
ROUTE MOBILE LIMITED,ROUTE,2023-01-18,1205.7,1206.95,1186.0,1192.7,1200.0,64681
ROUTE MOBILE LIMITED,ROUTE,2023-01-17,1214.4,1217.25,1185.0,1200.0,1210.25,143289
ROUTE MOBILE LIMITED,ROUTE,2023-01-16,1197.45,1221.9,1193.2,1210.25,1191.45,92346
ROUTE MOBILE LIMITED,ROUTE,2023-01-13,1187.0,1200.0,1183.6,1191.45,1199.4,58922
ROUTE MOBILE LIMITED,ROUTE,2023-01-12,1215.0,1250.0,1182.7,1199.4,1188.85,326357
ROUTE MOBILE LIMITED,ROUTE,2023-01-11,1196.7,1196.7,1182.05,1188.85,1191.5,44415
ROUTE MOBILE LIMITED,ROUTE,2023-01-10,1198.7,1211.8,1185.6,1191.5,1193.45,59472
ROUTE MOBILE LIMITED,ROUTE,2023-01-09,1204.7,1212.85,1185.0,1193.45,1194.05,32007
ROUTE MOBILE LIMITED,ROUTE,2023-01-06,1211.7,1211.7,1185.05,1194.05,1207.25,32464
ROUTE MOBILE LIMITED,ROUTE,2023-01-05,1223.4,1223.4,1195.75,1207.25,1213.5,33850
ROUTE MOBILE LIMITED,ROUTE,2023-01-04,1225.9,1229.85,1210.0,1213.5,1219.8,37994
ROUTE MOBILE LIMITED,ROUTE,2023-01-03,1221.7,1246.95,1212.0,1219.8,1216.45,69753
ROUTE MOBILE LIMITED,ROUTE,2023-01-02,1220.5,1225.8,1215.0,1216.45,1215.6,33436
ROUTE MOBILE LIMITED,ROUTE,2022-12-30,1215.0,1230.0,1205.0,1215.6,1204.0,45422
ROUTE MOBILE LIMITED,ROUTE,2022-12-29,1216.0,1220.05,1193.1,1204.0,1212.65,44318
ROUTE MOBILE LIMITED,ROUTE,2022-12-28,1209.8,1224.0,1201.1,1212.65,1209.8,33969
ROUTE MOBILE LIMITED,ROUTE,2022-12-27,1234.0,1234.0,1195.3,1209.8,1187.25,79253
ROUTE MOBILE LIMITED,ROUTE,2022-12-26,1159.95,1194.9,1149.0,1187.25,1153.5,69289
ROUTE MOBILE LIMITED,ROUTE,2022-12-23,1200.0,1209.6,1150.0,1153.5,1212.65,131909
ROUTE MOBILE LIMITED,ROUTE,2022-12-22,1254.0,1260.95,1203.9,1212.65,1253.85,127061
ROUTE MOBILE LIMITED,ROUTE,2022-12-21,1254.1,1272.95,1249.0,1253.85,1253.55,100519
ROUTE MOBILE LIMITED,ROUTE,2022-12-20,1272.2,1282.4,1251.6,1253.55,1285.25,105619
ROUTE MOBILE LIMITED,ROUTE,2022-12-16,1287.95,1305.0,1281.05,1297.55,1293.0,66725
ROUTE MOBILE LIMITED,ROUTE,2022-12-15,1290.0,1300.0,1284.0,1293.0,1294.35,41141
ROUTE MOBILE LIMITED,ROUTE,2022-12-14,1307.7,1307.7,1291.1,1294.35,1300.4,41850
ROUTE MOBILE LIMITED,ROUTE,2022-12-13,1309.0,1314.95,1296.0,1300.4,1295.95,51602
ROUTE MOBILE LIMITED,ROUTE,2022-12-12,1303.8,1304.8,1283.65,1295.95,1297.3,55318
ROUTE MOBILE LIMITED,ROUTE,2022-12-09,1312.0,1316.35,1290.0,1297.3,1297.9,58769
ROUTE MOBILE LIMITED,ROUTE,2022-12-08,1326.0,1332.35,1292.2,1297.9,1325.8,93376
ROUTE MOBILE LIMITED,ROUTE,2022-12-07,1346.95,1346.95,1320.0,1325.8,1343.8,46527
ROUTE MOBILE LIMITED,ROUTE,2022-12-06,1345.0,1350.65,1332.55,1343.8,1347.2,51053
ROUTE MOBILE LIMITED,ROUTE,2022-12-05,1354.0,1355.85,1332.25,1347.2,1349.2,85962
ROUTE MOBILE LIMITED,ROUTE,2022-12-02,1360.0,1368.0,1343.35,1349.2,1353.85,149695
ROUTE MOBILE LIMITED,ROUTE,2022-11-30,1308.7,1331.85,1303.8,1327.9,1302.95,87823
ROUTE MOBILE LIMITED,ROUTE,2022-11-29,1307.95,1309.9,1300.05,1302.95,1307.85,42588
ROUTE MOBILE LIMITED,ROUTE,2022-11-28,1292.2,1319.95,1292.2,1307.85,1297.45,80094
ROUTE MOBILE LIMITED,ROUTE,2022-11-25,1295.95,1314.95,1286.0,1297.45,1289.5,120323
ROUTE MOBILE LIMITED,ROUTE,2022-11-23,1324.0,1331.95,1300.1,1305.0,1320.0,99351
ROUTE MOBILE LIMITED,ROUTE,2022-11-22,1330.4,1360.0,1315.0,1320.0,1323.75,127576
ROUTE MOBILE LIMITED,ROUTE,2022-11-21,1319.05,1338.85,1311.8,1323.75,1314.55,87386
ROUTE MOBILE LIMITED,ROUTE,2022-11-18,1344.0,1359.25,1308.0,1314.55,1326.75,173687
ROUTE MOBILE LIMITED,ROUTE,2022-11-17,1320.0,1340.0,1315.0,1326.75,1324.25,59454
ROUTE MOBILE LIMITED,ROUTE,2022-11-16,1333.2,1334.3,1312.75,1324.25,1335.3,55345
ROUTE MOBILE LIMITED,ROUTE,2022-11-15,1323.0,1340.0,1311.0,1335.3,1317.25,130095
ROUTE MOBILE LIMITED,ROUTE,2022-11-14,1334.1,1339.1,1305.8,1317.25,1327.45,75337
ROUTE MOBILE LIMITED,ROUTE,2022-11-11,1286.3,1340.0,1285.3,1327.45,1279.9,284466
ROUTE MOBILE LIMITED,ROUTE,2022-11-10,1298.0,1300.0,1275.0,1279.9,1301.35,70581
ROUTE MOBILE LIMITED,ROUTE,2022-11-09,1315.6,1323.9,1296.9,1301.35,1313.85,75724
ROUTE MOBILE LIMITED,ROUTE,2022-11-07,1331.95,1337.9,1300.0,1313.85,1325.3,73343
ROUTE MOBILE LIMITED,ROUTE,2022-11-04,1334.0,1341.35,1316.6,1325.3,1334.0,67408
ROUTE MOBILE LIMITED,ROUTE,2022-11-03,1333.0,1343.1,1320.0,1334.0,1336.65,61844
ROUTE MOBILE LIMITED,ROUTE,2022-11-02,1324.4,1348.0,1324.4,1336.65,1321.05,118192
ROUTE MOBILE LIMITED,ROUTE,2022-11-01,1311.0,1337.85,1311.0,1321.05,1310.05,96821
ROUTE MOBILE LIMITED,ROUTE,2022-10-31,1315.15,1343.8,1306.0,1310.05,1308.6,133095
ROUTE MOBILE LIMITED,ROUTE,2022-10-28,1326.05,1331.95,1302.05,1308.6,1319.45,88044
ROUTE MOBILE LIMITED,ROUTE,2022-10-27,1341.7,1345.0,1313.15,1319.45,1333.15,87148
ROUTE MOBILE LIMITED,ROUTE,2022-10-25,1339.0,1353.0,1316.25,1333.15,1333.1,140931
ROUTE MOBILE LIMITED,ROUTE,2022-10-24,1349.0,1349.9,1326.05,1333.1,1307.75,67286
ROUTE MOBILE LIMITED,ROUTE,2022-10-21,1398.75,1398.75,1296.65,1307.75,1392.6,578133
ROUTE MOBILE LIMITED,ROUTE,2022-10-20,1365.0,1417.6,1361.8,1392.6,1370.7,197884
ROUTE MOBILE LIMITED,ROUTE,2022-10-19,1386.0,1389.45,1365.1,1370.7,1380.5,56533
ROUTE MOBILE LIMITED,ROUTE,2022-10-18,1388.85,1392.55,1375.4,1380.5,1381.9,57393
ROUTE MOBILE LIMITED,ROUTE,2022-10-17,1390.0,1424.9,1370.05,1381.9,1395.25,106045
ROUTE MOBILE LIMITED,ROUTE,2022-10-14,1410.0,1434.5,1385.0,1395.25,1383.4,94725
ROUTE MOBILE LIMITED,ROUTE,2022-10-13,1420.0,1422.6,1379.75,1383.4,1420.65,57705
ROUTE MOBILE LIMITED,ROUTE,2022-10-12,1400.0,1429.5,1382.7,1420.65,1405.75,184885
ROUTE MOBILE LIMITED,ROUTE,2022-10-11,1373.65,1427.6,1372.2,1405.75,1366.8,389791
ROUTE MOBILE LIMITED,ROUTE,2022-10-10,1366.0,1375.45,1356.0,1366.8,1383.95,78212
ROUTE MOBILE LIMITED,ROUTE,2022-10-07,1390.0,1406.0,1363.05,1383.95,1390.55,182454
ROUTE MOBILE LIMITED,ROUTE,2022-10-06,1399.3,1430.0,1380.0,1390.55,1392.3,158256
ROUTE MOBILE LIMITED,ROUTE,2022-10-04,1398.9,1415.5,1368.0,1392.3,1376.15,166344
ROUTE MOBILE LIMITED,ROUTE,2022-10-03,1367.15,1367.15,1367.15,1367.15,350.0,123442
ROUTE MOBILE LIMITED,ROUTE,2022-10-03,1367.15,1393.95,1327.2,1376.15,1367.15,148144
ROUTE MOBILE LIMITED,ROUTE,2022-09-30,1338.0,1403.1,1320.2,1367.15,1338.3,196275
ROUTE MOBILE LIMITED,ROUTE,2022-09-29,1379.0,1392.9,1331.0,1338.3,1368.5,99955
ROUTE MOBILE LIMITED,ROUTE,2022-09-28,1328.0,1393.0,1322.9,1368.5,1322.85,534208
ROUTE MOBILE LIMITED,ROUTE,2022-09-27,1289.0,1355.0,1285.0,1322.85,1293.8,280200
ROUTE MOBILE LIMITED,ROUTE,2022-09-26,1336.0,1342.6,1230.3,1293.8,1351.4,224373
ROUTE MOBILE LIMITED,ROUTE,2022-09-23,1391.0,1397.55,1332.55,1351.4,1390.55,147424
ROUTE MOBILE LIMITED,ROUTE,2022-09-22,1403.55,1409.75,1388.1,1390.55,1403.55,112313
ROUTE MOBILE LIMITED,ROUTE,2022-09-21,1429.2,1431.95,1395.1,1403.55,1429.2,137976
ROUTE MOBILE LIMITED,ROUTE,2022-09-20,1425.6,1440.0,1415.8,1429.2,1418.5,117407
ROUTE MOBILE LIMITED,ROUTE,2022-09-19,1430.0,1454.45,1415.0,1418.5,1430.8,101103
ROUTE MOBILE LIMITED,ROUTE,2022-09-16,1446.5,1464.0,1412.85,1430.8,1443.65,153219
ROUTE MOBILE LIMITED,ROUTE,2022-09-15,1462.1,1469.2,1440.0,1443.65,1454.8,61604
ROUTE MOBILE LIMITED,ROUTE,2022-09-14,1460.0,1468.0,1446.05,1454.8,1474.6,62177
ROUTE MOBILE LIMITED,ROUTE,2022-09-13,1485.0,1495.0,1465.3,1474.6,1477.6,168910
ROUTE MOBILE LIMITED,ROUTE,2022-09-12,1474.4,1488.8,1470.2,1477.6,1468.05,126061
ROUTE MOBILE LIMITED,ROUTE,2022-09-09,1468.7,1480.0,1465.0,1468.05,1461.4,124472
ROUTE MOBILE LIMITED,ROUTE,2022-09-08,1478.5,1485.0,1455.0,1461.4,1463.6,105888
ROUTE MOBILE LIMITED,ROUTE,2022-09-07,1445.0,1478.8,1443.0,1463.6,1450.95,119702
ROUTE MOBILE LIMITED,ROUTE,2022-09-06,1469.7,1469.7,1445.4,1450.95,1444.2,148768
ROUTE MOBILE LIMITED,ROUTE,2022-09-05,1443.15,1472.35,1440.0,1444.2,1436.85,180410
ROUTE MOBILE LIMITED,ROUTE,2022-09-02,1470.0,1479.45,1432.1,1436.85,1466.05,257706
ROUTE MOBILE LIMITED,ROUTE,2022-09-01,1509.0,1540.3,1430.0,1466.05,1519.3,1415673
ROUTE MOBILE LIMITED,ROUTE,2022-08-30,1521.0,1545.5,1506.05,1519.3,1499.75,216136
ROUTE MOBILE LIMITED,ROUTE,2022-08-29,1455.0,1532.0,1455.0,1499.75,1565.05,339849
ROUTE MOBILE LIMITED,ROUTE,2022-08-26,1482.5,1590.0,1465.2,1565.05,1473.35,726865
ROUTE MOBILE LIMITED,ROUTE,2022-08-25,1433.4,1513.2,1425.05,1473.35,1417.0,1016684
ROUTE MOBILE LIMITED,ROUTE,2022-08-24,1403.0,1435.0,1400.15,1417.0,1400.25,157267
ROUTE MOBILE LIMITED,ROUTE,2022-08-23,1415.0,1428.6,1390.1,1400.25,1431.85,232879
ROUTE MOBILE LIMITED,ROUTE,2022-08-22,1488.0,1488.0,1425.55,1431.85,1484.55,222105
ROUTE MOBILE LIMITED,ROUTE,2022-08-19,1536.0,1540.0,1470.65,1484.55,1533.45,244409
ROUTE MOBILE LIMITED,ROUTE,2022-08-18,1544.7,1578.0,1525.0,1533.45,1539.5,345685
ROUTE MOBILE LIMITED,ROUTE,2022-08-17,1486.7,1571.4,1484.05,1539.5,1481.45,921722
ROUTE MOBILE LIMITED,ROUTE,2022-08-16,1481.9,1499.8,1471.05,1481.45,1470.7,109783
ROUTE MOBILE LIMITED,ROUTE,2022-08-12,1468.0,1490.0,1465.05,1470.7,1469.85,130591
ROUTE MOBILE LIMITED,ROUTE,2022-08-11,1496.0,1508.8,1463.6,1469.85,1488.0,179388
ROUTE MOBILE LIMITED,ROUTE,2022-08-10,1497.9,1506.1,1471.9,1488.0,1494.9,245565
ROUTE MOBILE LIMITED,ROUTE,2022-08-08,1474.7,1500.0,1448.0,1494.9,1474.25,395779
ROUTE MOBILE LIMITED,ROUTE,2022-08-05,1449.8,1494.0,1446.95,1474.25,1445.8,333305
ROUTE MOBILE LIMITED,ROUTE,2022-08-04,1486.95,1515.55,1435.05,1445.8,1476.9,439448
ROUTE MOBILE LIMITED,ROUTE,2022-08-03,1490.0,1518.4,1463.05,1476.9,1490.95,428423
ROUTE MOBILE LIMITED,ROUTE,2022-08-02,1489.8,1526.55,1442.2,1490.95,1491.65,732156
ROUTE MOBILE LIMITED,ROUTE,2022-08-01,1427.8,1511.0,1400.0,1491.65,1400.6,1920280
ROUTE MOBILE LIMITED,ROUTE,2022-07-29,1251.95,1449.0,1245.35,1400.6,1235.45,2951453
ROUTE MOBILE LIMITED,ROUTE,2022-07-28,1221.9,1248.95,1201.0,1235.45,1213.7,559352
ROUTE MOBILE LIMITED,ROUTE,2022-07-27,1302.0,1314.0,1208.0,1213.7,1304.1,627033
ROUTE MOBILE LIMITED,ROUTE,2022-07-26,1326.0,1349.9,1301.0,1304.1,1333.45,373078
ROUTE MOBILE LIMITED,ROUTE,2022-07-25,1359.0,1359.0,1320.5,1333.45,1355.75,154736
ROUTE MOBILE LIMITED,ROUTE,2022-07-22,1371.0,1376.75,1350.0,1355.75,1365.8,70086
ROUTE MOBILE LIMITED,ROUTE,2022-07-21,1360.8,1374.0,1351.4,1365.8,1363.85,98741
ROUTE MOBILE LIMITED,ROUTE,2022-07-20,1360.0,1378.9,1350.5,1363.85,1347.9,184218
ROUTE MOBILE LIMITED,ROUTE,2022-07-19,1334.8,1358.9,1325.25,1347.9,1338.95,144161
ROUTE MOBILE LIMITED,ROUTE,2022-07-18,1313.0,1344.0,1306.0,1338.95,1304.85,218742
ROUTE MOBILE LIMITED,ROUTE,2022-07-15,1305.0,1321.0,1291.0,1304.85,1304.0,156749
ROUTE MOBILE LIMITED,ROUTE,2022-07-14,1272.95,1313.0,1257.55,1304.0,1274.65,283703
ROUTE MOBILE LIMITED,ROUTE,2022-07-13,1289.8,1289.8,1264.0,1274.65,1280.85,132893
ROUTE MOBILE LIMITED,ROUTE,2022-07-12,1298.3,1315.95,1271.15,1280.85,1303.3,193836
ROUTE MOBILE LIMITED,ROUTE,2022-07-11,1282.8,1329.3,1280.0,1303.3,1288.5,325122
ROUTE MOBILE LIMITED,ROUTE,2022-07-08,1318.0,1318.1,1282.0,1288.5,1305.0,156217
ROUTE MOBILE LIMITED,ROUTE,2022-07-07,1258.9,1314.95,1247.05,1305.0,1243.0,526887
ROUTE MOBILE LIMITED,ROUTE,2022-07-06,1240.0,1263.95,1230.85,1243.0,1247.2,160623
ROUTE MOBILE LIMITED,ROUTE,2022-07-05,1269.05,1275.0,1240.0,1247.2,1268.0,253871
ROUTE MOBILE LIMITED,ROUTE,2022-07-04,1278.0,1284.9,1255.75,1268.0,1268.1,210875
ROUTE MOBILE LIMITED,ROUTE,2022-07-01,1242.0,1290.0,1241.05,1268.1,1242.85,655866
ROUTE MOBILE LIMITED,ROUTE,2022-06-30,1242.0,1294.95,1216.0,1242.85,1240.05,1059656
ROUTE MOBILE LIMITED,ROUTE,2022-06-29,1270.0,1298.0,1235.0,1240.05,1327.05,1160889
ROUTE MOBILE LIMITED,ROUTE,2022-06-28,1350.0,1379.0,1316.85,1327.05,1365.8,1118156
ROUTE MOBILE LIMITED,ROUTE,2022-06-27,1285.0,1383.7,1266.3,1365.8,1261.2,1454315
ROUTE MOBILE LIMITED,ROUTE,2022-06-24,1240.0,1328.75,1225.0,1261.2,1193.65,3222353
ROUTE MOBILE LIMITED,ROUTE,2022-06-23,1109.25,1218.7,1052.0,1193.65,1100.0,1561677
ROUTE MOBILE LIMITED,ROUTE,2022-06-22,1138.0,1138.0,1095.0,1100.0,1139.0,175612
ROUTE MOBILE LIMITED,ROUTE,2022-06-21,1148.8,1171.85,1134.05,1139.0,1129.15,153995
ROUTE MOBILE LIMITED,ROUTE,2022-06-20,1177.9,1185.45,1106.0,1129.15,1166.8,166028
ROUTE MOBILE LIMITED,ROUTE,2022-06-17,1218.0,1218.0,1153.0,1166.8,1234.75,395162
ROUTE MOBILE LIMITED,ROUTE,2022-06-16,1284.0,1294.95,1213.35,1234.75,1270.1,139270
ROUTE MOBILE LIMITED,ROUTE,2022-06-15,1280.0,1293.7,1245.0,1270.1,1268.0,253807
ROUTE MOBILE LIMITED,ROUTE,2022-06-14,1360.0,1365.0,1256.05,1268.0,1368.8,515679
ROUTE MOBILE LIMITED,ROUTE,2022-06-13,1360.0,1376.1,1330.0,1368.8,1389.95,153829
ROUTE MOBILE LIMITED,ROUTE,2022-06-10,1385.0,1418.0,1381.0,1389.95,1412.4,229627
ROUTE MOBILE LIMITED,ROUTE,2022-06-09,1387.1,1443.35,1381.05,1412.4,1401.1,211108
ROUTE MOBILE LIMITED,ROUTE,2022-06-08,1438.45,1438.65,1390.0,1401.1,1424.4,90051
ROUTE MOBILE LIMITED,ROUTE,2022-06-07,1380.1,1434.9,1380.0,1424.4,1406.65,281749
ROUTE MOBILE LIMITED,ROUTE,2022-06-06,1396.0,1421.9,1358.0,1406.65,1404.15,236209
ROUTE MOBILE LIMITED,ROUTE,2022-06-03,1400.0,1431.8,1392.25,1404.15,1381.25,287163
ROUTE MOBILE LIMITED,ROUTE,2022-06-02,1376.05,1417.95,1357.1,1381.25,1387.45,240996
ROUTE MOBILE LIMITED,ROUTE,2022-06-01,1386.05,1437.65,1362.55,1387.45,1392.3,407411
ROUTE MOBILE LIMITED,ROUTE,2022-05-31,1263.9,1409.0,1245.5,1392.3,1274.5,984486
ROUTE MOBILE LIMITED,ROUTE,2022-05-30,1215.0,1287.25,1214.0,1274.5,1193.1,465801
ROUTE MOBILE LIMITED,ROUTE,2022-05-27,1139.8,1206.0,1133.4,1193.1,1117.75,234582
ROUTE MOBILE LIMITED,ROUTE,2022-05-26,1140.0,1151.85,1065.0,1117.75,1144.95,376263
ROUTE MOBILE LIMITED,ROUTE,2022-05-25,1198.8,1212.0,1140.0,1144.95,1190.15,173885
ROUTE MOBILE LIMITED,ROUTE,2022-05-24,1274.0,1280.5,1184.35,1190.15,1277.85,279785
ROUTE MOBILE LIMITED,ROUTE,2022-05-23,1285.9,1296.0,1234.5,1277.85,1285.9,247152
ROUTE MOBILE LIMITED,ROUTE,2022-05-20,1245.0,1302.0,1231.25,1285.9,1213.15,995109
ROUTE MOBILE LIMITED,ROUTE,2022-05-19,1201.0,1278.65,1175.25,1213.15,1288.3,1972528
ROUTE MOBILE LIMITED,ROUTE,2022-05-18,1529.0,1548.0,1215.0,1288.3,1509.6,1347542
ROUTE MOBILE LIMITED,ROUTE,2022-05-17,1478.0,1541.8,1475.0,1509.6,1465.75,146648
ROUTE MOBILE LIMITED,ROUTE,2022-05-16,1425.7,1509.8,1410.05,1465.75,1404.2,232954
ROUTE MOBILE LIMITED,ROUTE,2022-05-13,1410.0,1439.5,1392.5,1404.2,1371.85,83435
ROUTE MOBILE LIMITED,ROUTE,2022-05-12,1391.1,1391.8,1350.8,1371.85,1400.8,147128
ROUTE MOBILE LIMITED,ROUTE,2022-05-11,1420.0,1447.9,1380.0,1400.8,1430.8,114915
ROUTE MOBILE LIMITED,ROUTE,2022-05-10,1477.45,1504.35,1422.15,1430.8,1479.6,142543
ROUTE MOBILE LIMITED,ROUTE,2022-05-09,1522.0,1525.0,1466.05,1479.6,1531.65,99929
ROUTE MOBILE LIMITED,ROUTE,2022-05-06,1560.0,1569.95,1525.0,1531.65,1598.65,99749
ROUTE MOBILE LIMITED,ROUTE,2022-05-05,1652.0,1657.5,1592.0,1598.65,1629.35,191417
ROUTE MOBILE LIMITED,ROUTE,2022-05-04,1668.95,1728.0,1611.0,1629.35,1658.05,496823
ROUTE MOBILE LIMITED,ROUTE,2022-05-02,1620.0,1671.0,1605.6,1658.05,1638.35,195370
ROUTE MOBILE LIMITED,ROUTE,2022-04-29,1618.4,1650.0,1615.0,1638.35,1603.7,267515
ROUTE MOBILE LIMITED,ROUTE,2022-04-28,1562.0,1624.7,1562.0,1603.7,1584.2,302299
ROUTE MOBILE LIMITED,ROUTE,2022-04-27,1590.0,1599.85,1540.5,1584.2,1603.05,590965
ROUTE MOBILE LIMITED,ROUTE,2022-04-26,1607.0,1620.0,1580.05,1603.05,1590.8,106138
ROUTE MOBILE LIMITED,ROUTE,2022-04-25,1573.0,1647.95,1555.0,1590.8,1592.05,170528
ROUTE MOBILE LIMITED,ROUTE,2022-04-22,1553.0,1610.0,1540.0,1592.05,1552.95,228853
ROUTE MOBILE LIMITED,ROUTE,2022-04-21,1561.0,1566.0,1535.25,1552.95,1548.35,68879
ROUTE MOBILE LIMITED,ROUTE,2022-04-20,1550.0,1574.0,1523.8,1548.35,1545.45,144374
ROUTE MOBILE LIMITED,ROUTE,2022-04-19,1550.0,1574.95,1530.05,1545.45,1539.7,102178
ROUTE MOBILE LIMITED,ROUTE,2022-04-18,1558.0,1558.0,1523.0,1539.7,1564.95,72727
ROUTE MOBILE LIMITED,ROUTE,2022-04-13,1559.8,1581.0,1552.2,1564.95,1552.2,66647
ROUTE MOBILE LIMITED,ROUTE,2022-04-12,1574.7,1583.05,1547.0,1552.2,1576.5,126513
ROUTE MOBILE LIMITED,ROUTE,2022-04-11,1607.9,1613.95,1571.8,1576.5,1606.35,118938
ROUTE MOBILE LIMITED,ROUTE,2022-04-08,1605.0,1620.0,1595.0,1606.35,1591.85,136859
ROUTE MOBILE LIMITED,ROUTE,2022-04-07,1628.0,1628.0,1585.0,1591.85,1612.75,153162
ROUTE MOBILE LIMITED,ROUTE,2022-04-06,1601.0,1624.25,1585.3,1612.75,1607.45,217447
ROUTE MOBILE LIMITED,ROUTE,2022-04-05,1603.7,1624.05,1579.0,1607.45,1584.05,183884
ROUTE MOBILE LIMITED,ROUTE,2022-04-04,1580.9,1597.0,1563.0,1584.05,1566.4,136264
ROUTE MOBILE LIMITED,ROUTE,2022-04-01,1545.0,1592.6,1545.0,1566.4,1542.3,206474
ROUTE MOBILE LIMITED,ROUTE,2022-03-31,1563.0,1598.95,1536.55,1542.3,1549.85,354482
ROUTE MOBILE LIMITED,ROUTE,2022-03-30,1517.2,1569.0,1504.5,1549.85,1492.0,357350
ROUTE MOBILE LIMITED,ROUTE,2022-03-29,1514.4,1518.0,1488.0,1492.0,1499.25,194617
ROUTE MOBILE LIMITED,ROUTE,2022-03-28,1539.0,1543.9,1488.0,1499.25,1535.75,186918
ROUTE MOBILE LIMITED,ROUTE,2022-03-25,1525.0,1560.0,1525.0,1535.75,1520.4,147425
ROUTE MOBILE LIMITED,ROUTE,2022-03-24,1541.0,1542.0,1501.1,1520.4,1545.2,156130
ROUTE MOBILE LIMITED,ROUTE,2022-03-23,1574.95,1582.6,1540.7,1545.2,1561.65,142654
ROUTE MOBILE LIMITED,ROUTE,2022-03-22,1574.8,1579.0,1547.3,1561.65,1559.1,174026
ROUTE MOBILE LIMITED,ROUTE,2022-03-21,1560.3,1633.95,1550.05,1559.1,1555.45,376684
ROUTE MOBILE LIMITED,ROUTE,2022-03-17,1579.0,1582.8,1522.0,1555.45,1548.2,723661
ROUTE MOBILE LIMITED,ROUTE,2022-03-16,1575.7,1575.7,1545.0,1548.2,1544.95,122892
ROUTE MOBILE LIMITED,ROUTE,2022-03-15,1600.05,1613.95,1542.0,1544.95,1597.9,113835
ROUTE MOBILE LIMITED,ROUTE,2022-03-14,1614.0,1630.0,1592.95,1597.9,1612.55,116763
ROUTE MOBILE LIMITED,ROUTE,2022-03-11,1644.0,1674.5,1605.95,1612.55,1638.65,137583
ROUTE MOBILE LIMITED,ROUTE,2022-03-10,1670.0,1688.8,1627.1,1638.65,1616.55,164009
ROUTE MOBILE LIMITED,ROUTE,2022-03-09,1577.4,1632.05,1562.15,1616.55,1567.05,153573
ROUTE MOBILE LIMITED,ROUTE,2022-03-08,1544.0,1575.0,1520.05,1567.05,1524.7,136344
ROUTE MOBILE LIMITED,ROUTE,2022-03-07,1487.0,1539.7,1487.0,1524.7,1535.3,107331
ROUTE MOBILE LIMITED,ROUTE,2022-03-04,1520.0,1551.95,1495.5,1535.3,1532.9,128528
ROUTE MOBILE LIMITED,ROUTE,2022-03-03,1542.0,1568.0,1523.1,1532.9,1509.8,188258
ROUTE MOBILE LIMITED,ROUTE,2022-03-02,1487.0,1542.0,1483.05,1509.8,1487.05,243601
ROUTE MOBILE LIMITED,ROUTE,2022-02-28,1425.0,1505.0,1405.25,1487.05,1446.9,306355
ROUTE MOBILE LIMITED,ROUTE,2022-02-25,1475.0,1500.0,1423.0,1446.9,1420.75,248864
ROUTE MOBILE LIMITED,ROUTE,2022-02-24,1450.0,1475.0,1395.0,1420.75,1489.05,284895
ROUTE MOBILE LIMITED,ROUTE,2022-02-23,1512.0,1548.0,1480.0,1489.05,1499.65,238662
ROUTE MOBILE LIMITED,ROUTE,2022-02-22,1450.0,1531.0,1432.9,1499.65,1495.1,279077
ROUTE MOBILE LIMITED,ROUTE,2022-02-21,1510.0,1565.05,1474.0,1495.1,1518.2,360397
ROUTE MOBILE LIMITED,ROUTE,2022-02-18,1565.0,1565.0,1514.05,1518.2,1569.7,180082
ROUTE MOBILE LIMITED,ROUTE,2022-02-17,1610.0,1615.55,1560.6,1569.7,1600.95,106804
ROUTE MOBILE LIMITED,ROUTE,2022-02-15,1615.0,1650.0,1552.7,1615.4,1590.5,213032
ROUTE MOBILE LIMITED,ROUTE,2022-02-14,1582.0,1650.0,1580.5,1590.5,1673.5,142469
ROUTE MOBILE LIMITED,ROUTE,2022-02-11,1734.0,1734.0,1665.0,1673.5,1751.4,126856
ROUTE MOBILE LIMITED,ROUTE,2022-02-10,1747.0,1779.0,1723.0,1751.4,1731.6,90457
ROUTE MOBILE LIMITED,ROUTE,2022-02-08,1761.0,1773.0,1703.1,1730.65,1755.15,99718
ROUTE MOBILE LIMITED,ROUTE,2022-02-07,1795.0,1795.0,1745.0,1755.15,1796.35,105474
ROUTE MOBILE LIMITED,ROUTE,2022-02-04,1802.0,1839.55,1790.0,1796.35,1804.9,203021
ROUTE MOBILE LIMITED,ROUTE,2022-02-03,1836.5,1840.0,1793.65,1804.9,1835.95,150232
ROUTE MOBILE LIMITED,ROUTE,2022-02-02,1842.4,1864.7,1820.0,1835.95,1825.6,265263
ROUTE MOBILE LIMITED,ROUTE,2022-02-01,1815.4,1888.9,1773.05,1825.6,1796.4,1147952
ROUTE MOBILE LIMITED,ROUTE,2022-01-31,1648.0,1823.0,1648.0,1796.4,1609.2,1530523
ROUTE MOBILE LIMITED,ROUTE,2022-01-28,1574.0,1696.7,1563.5,1609.2,1495.55,2021202
ROUTE MOBILE LIMITED,ROUTE,2022-01-27,1568.15,1568.15,1480.0,1495.55,1567.85,364531
ROUTE MOBILE LIMITED,ROUTE,2022-01-25,1576.0,1603.85,1525.0,1567.85,1619.55,502550
ROUTE MOBILE LIMITED,ROUTE,2022-01-24,1788.0,1788.0,1592.25,1619.55,1788.95,396834
ROUTE MOBILE LIMITED,ROUTE,2022-01-21,1815.0,1847.95,1762.05,1788.95,1819.35,130721
ROUTE MOBILE LIMITED,ROUTE,2022-01-20,1823.8,1836.0,1805.0,1819.35,1819.95,74795
ROUTE MOBILE LIMITED,ROUTE,2022-01-19,1823.0,1848.9,1790.0,1819.95,1838.7,145847
ROUTE MOBILE LIMITED,ROUTE,2022-01-18,1869.5,1886.7,1830.3,1838.7,1867.6,125513
ROUTE MOBILE LIMITED,ROUTE,2022-01-17,1895.0,1898.3,1799.35,1867.6,1890.9,123808
ROUTE MOBILE LIMITED,ROUTE,2022-01-14,1909.7,1909.7,1875.0,1890.9,1910.55,158017
ROUTE MOBILE LIMITED,ROUTE,2022-01-13,1892.15,1918.95,1864.95,1910.55,1877.1,260447
ROUTE MOBILE LIMITED,ROUTE,2022-01-12,1884.0,1935.6,1872.0,1877.1,1864.25,554973
ROUTE MOBILE LIMITED,ROUTE,2022-01-11,1816.8,1878.75,1792.9,1864.25,1813.25,260687
ROUTE MOBILE LIMITED,ROUTE,2022-01-10,1786.0,1833.0,1778.35,1813.25,1772.15,174833
ROUTE MOBILE LIMITED,ROUTE,2022-01-07,1785.0,1790.0,1755.25,1772.15,1775.75,127145
ROUTE MOBILE LIMITED,ROUTE,2022-01-05,1825.0,1828.0,1792.65,1805.85,1821.85,159386
ROUTE MOBILE LIMITED,ROUTE,2022-01-04,1812.0,1834.8,1787.1,1821.85,1804.2,172982
ROUTE MOBILE LIMITED,ROUTE,2022-01-03,1785.5,1818.0,1771.0,1804.2,1783.4,148279
ROUTE MOBILE LIMITED,ROUTE,2021-12-31,1786.0,1828.8,1773.2,1783.4,1771.4,207615
ROUTE MOBILE LIMITED,ROUTE,2021-12-30,1746.3,1805.0,1736.05,1771.4,1738.35,164788
ROUTE MOBILE LIMITED,ROUTE,2021-12-29,1698.7,1773.4,1697.0,1738.35,1698.55,218680
ROUTE MOBILE LIMITED,ROUTE,2021-12-28,1712.7,1733.45,1685.1,1698.55,1700.25,100152
ROUTE MOBILE LIMITED,ROUTE,2021-12-27,1698.0,1726.45,1663.25,1700.25,1697.2,161901
ROUTE MOBILE LIMITED,ROUTE,2021-12-24,1717.0,1717.85,1685.0,1697.2,1708.2,49786
ROUTE MOBILE LIMITED,ROUTE,2021-12-23,1702.7,1747.5,1693.0,1708.2,1695.9,183678
ROUTE MOBILE LIMITED,ROUTE,2021-12-22,1700.0,1709.75,1673.0,1695.9,1686.95,126586
ROUTE MOBILE LIMITED,ROUTE,2021-12-21,1712.0,1750.0,1682.0,1686.95,1699.5,87609
ROUTE MOBILE LIMITED,ROUTE,2021-12-20,1777.0,1779.45,1696.1,1699.5,1795.7,140518
ROUTE MOBILE LIMITED,ROUTE,2021-12-17,1805.0,1814.0,1750.1,1795.7,1816.2,140222
ROUTE MOBILE LIMITED,ROUTE,2021-12-16,1835.0,1840.0,1812.0,1816.2,1819.4,52105
ROUTE MOBILE LIMITED,ROUTE,2021-12-15,1817.8,1850.0,1801.05,1819.4,1810.45,77741
ROUTE MOBILE LIMITED,ROUTE,2021-12-14,1815.0,1820.35,1802.0,1810.45,1824.95,59489
ROUTE MOBILE LIMITED,ROUTE,2021-12-13,1858.0,1858.0,1818.0,1824.95,1844.55,87346
ROUTE MOBILE LIMITED,ROUTE,2021-12-10,1870.4,1873.7,1838.0,1844.55,1874.6,129300
ROUTE MOBILE LIMITED,ROUTE,2021-12-09,1865.0,1923.2,1859.45,1874.6,1852.3,275447
ROUTE MOBILE LIMITED,ROUTE,2021-12-08,1780.0,1908.75,1758.75,1852.3,1755.5,501653
ROUTE MOBILE LIMITED,ROUTE,2021-12-07,1762.7,1792.3,1725.3,1755.5,1752.4,154110
ROUTE MOBILE LIMITED,ROUTE,2021-12-06,1806.0,1806.0,1750.0,1752.4,1797.05,95848
ROUTE MOBILE LIMITED,ROUTE,2021-12-03,1812.0,1824.4,1789.0,1797.05,1799.55,108703
ROUTE MOBILE LIMITED,ROUTE,2021-12-02,1809.0,1817.95,1791.0,1799.55,1798.2,95907
ROUTE MOBILE LIMITED,ROUTE,2021-12-01,1814.2,1826.85,1790.3,1798.2,1814.3,99920
ROUTE MOBILE LIMITED,ROUTE,2021-11-30,1761.0,1823.8,1761.0,1814.3,1750.8,146571
ROUTE MOBILE LIMITED,ROUTE,2021-11-29,1755.0,1775.0,1673.2,1750.8,1784.95,113460
ROUTE MOBILE LIMITED,ROUTE,2021-11-26,1802.0,1828.15,1780.0,1784.95,1813.25,92620
ROUTE MOBILE LIMITED,ROUTE,2021-11-24,1819.9,1855.0,1807.15,1814.6,1803.1,134113
ROUTE MOBILE LIMITED,ROUTE,2021-11-23,1827.8,1848.35,1801.0,1803.1,1833.2,214552
ROUTE MOBILE LIMITED,ROUTE,2021-11-22,1934.7,1935.2,1805.0,1833.2,1925.35,232042
ROUTE MOBILE LIMITED,ROUTE,2021-11-18,1924.25,1948.0,1905.0,1925.35,1928.1,118022
ROUTE MOBILE LIMITED,ROUTE,2021-11-17,1943.0,1943.0,1916.15,1928.1,1958.55,185985
ROUTE MOBILE LIMITED,ROUTE,2021-11-16,1940.0,1990.0,1935.0,1958.55,1941.1,170901
ROUTE MOBILE LIMITED,ROUTE,2021-11-15,1957.3,1958.8,1927.1,1941.1,1947.8,89712
ROUTE MOBILE LIMITED,ROUTE,2021-11-12,1962.8,1969.2,1935.0,1947.8,1952.15,65448
ROUTE MOBILE LIMITED,ROUTE,2021-11-11,1978.0,1978.65,1947.05,1952.15,1978.65,55695
ROUTE MOBILE LIMITED,ROUTE,2021-11-10,1968.0,1998.8,1960.1,1978.65,1971.65,76237
ROUTE MOBILE LIMITED,ROUTE,2021-11-09,1975.0,1987.0,1941.1,1971.65,1987.7,127923
ROUTE MOBILE LIMITED,ROUTE,2021-11-08,1999.7,2009.4,1955.0,1987.7,1996.5,71884
ROUTE MOBILE LIMITED,ROUTE,2021-11-04,2000.0,2008.95,1991.0,1996.5,1975.15,32804
ROUTE MOBILE LIMITED,ROUTE,2021-11-03,1991.8,1991.8,1952.1,1975.15,1977.5,70418
ROUTE MOBILE LIMITED,ROUTE,2021-11-02,1963.0,1990.0,1944.0,1977.5,1954.0,72218
ROUTE MOBILE LIMITED,ROUTE,2021-11-01,1896.7,1979.95,1892.0,1954.0,1877.65,141607
ROUTE MOBILE LIMITED,ROUTE,2021-10-29,1885.0,1895.95,1835.0,1877.65,1891.0,160892
ROUTE MOBILE LIMITED,ROUTE,2021-10-28,1943.0,1948.0,1881.0,1891.0,1939.75,137411
ROUTE MOBILE LIMITED,ROUTE,2021-10-27,1982.0,1982.0,1925.5,1939.75,1968.8,184615
ROUTE MOBILE LIMITED,ROUTE,2021-10-26,1920.0,1980.0,1919.0,1968.8,1920.0,99437
ROUTE MOBILE LIMITED,ROUTE,2021-10-25,1994.7,1996.0,1890.0,1920.0,1985.75,119586
ROUTE MOBILE LIMITED,ROUTE,2021-10-22,2036.7,2069.55,1980.0,1985.75,2021.55,136387
ROUTE MOBILE LIMITED,ROUTE,2021-10-21,2095.0,2111.15,2000.0,2021.55,2083.45,162349
ROUTE MOBILE LIMITED,ROUTE,2021-10-20,2179.4,2184.0,2045.0,2083.45,2168.3,210215
ROUTE MOBILE LIMITED,ROUTE,2021-10-19,2344.9,2350.2,2130.0,2168.3,2264.25,480584
ROUTE MOBILE LIMITED,ROUTE,2021-10-18,2243.0,2337.65,2240.0,2264.25,2223.1,318814
ROUTE MOBILE LIMITED,ROUTE,2021-10-14,2269.85,2279.75,2209.0,2223.1,2259.65,319471
ROUTE MOBILE LIMITED,ROUTE,2021-10-13,2327.8,2338.0,2242.0,2259.65,2306.95,366238
ROUTE MOBILE LIMITED,ROUTE,2021-10-12,2310.0,2389.0,2275.2,2306.95,2296.05,1009926
ROUTE MOBILE LIMITED,ROUTE,2021-10-11,2164.9,2332.0,2151.0,2296.05,2116.45,1695624
ROUTE MOBILE LIMITED,ROUTE,2021-10-08,2065.0,2142.9,2037.4,2116.45,2054.1,822446
ROUTE MOBILE LIMITED,ROUTE,2021-10-07,2026.7,2060.0,2003.35,2054.1,2009.2,171024
ROUTE MOBILE LIMITED,ROUTE,2021-10-06,2014.3,2030.0,1995.0,2009.2,2005.65,100496
ROUTE MOBILE LIMITED,ROUTE,2021-10-05,2049.7,2098.7,1995.5,2005.65,2051.65,239657
ROUTE MOBILE LIMITED,ROUTE,2021-10-04,2050.0,2063.75,2030.0,2051.65,2042.15,186243
ROUTE MOBILE LIMITED,ROUTE,2021-10-01,1942.0,2064.85,1935.1,2042.15,1949.85,382657
ROUTE MOBILE LIMITED,ROUTE,2021-09-30,1972.0,1973.95,1935.0,1949.85,1965.05,71600
ROUTE MOBILE LIMITED,ROUTE,2021-09-29,1931.7,1980.05,1915.0,1965.05,1943.7,96634
ROUTE MOBILE LIMITED,ROUTE,2021-09-27,2008.7,2013.0,1950.0,1966.0,1995.85,115401
ROUTE MOBILE LIMITED,ROUTE,2021-09-24,1997.7,2034.0,1981.1,1995.85,1997.3,243247
ROUTE MOBILE LIMITED,ROUTE,2021-09-23,1996.7,2010.0,1960.0,1997.3,1981.35,140835
ROUTE MOBILE LIMITED,ROUTE,2021-09-22,1962.8,2000.0,1948.1,1981.35,1949.65,364841
ROUTE MOBILE LIMITED,ROUTE,2021-09-21,1968.9,1988.8,1916.0,1949.65,1967.1,197565
ROUTE MOBILE LIMITED,ROUTE,2021-09-20,1995.0,2039.0,1955.55,1967.1,2007.35,330248
ROUTE MOBILE LIMITED,ROUTE,2021-09-17,2054.0,2058.95,1985.0,2007.35,2048.9,324892
ROUTE MOBILE LIMITED,ROUTE,2021-09-16,2070.8,2088.0,2040.0,2048.9,2058.2,259919
ROUTE MOBILE LIMITED,ROUTE,2021-09-15,2014.0,2091.1,2010.0,2058.2,2013.15,678808
ROUTE MOBILE LIMITED,ROUTE,2021-09-14,2038.0,2054.0,2008.0,2013.15,2022.6,232399
ROUTE MOBILE LIMITED,ROUTE,2021-09-13,1993.0,2037.9,1990.0,2022.6,1995.85,223345
ROUTE MOBILE LIMITED,ROUTE,2021-09-09,1994.8,2000.1,1980.0,1995.85,2005.5,196664
ROUTE MOBILE LIMITED,ROUTE,2021-09-08,2008.0,2027.65,1990.05,2005.5,1998.45,194871
ROUTE MOBILE LIMITED,ROUTE,2021-09-07,2033.0,2044.75,1985.0,1998.45,2025.4,232874
ROUTE MOBILE LIMITED,ROUTE,2021-09-06,2010.0,2075.0,2009.85,2025.4,1997.35,632359
ROUTE MOBILE LIMITED,ROUTE,2021-09-03,2009.7,2024.7,1981.25,1997.35,1994.35,240834
ROUTE MOBILE LIMITED,ROUTE,2021-09-02,1963.2,2022.95,1962.0,1994.35,1963.2,367414
ROUTE MOBILE LIMITED,ROUTE,2021-09-01,1985.9,2011.0,1955.5,1963.2,1975.6,184944
ROUTE MOBILE LIMITED,ROUTE,2021-08-31,1989.5,2037.0,1969.4,1975.6,1982.75,410821
ROUTE MOBILE LIMITED,ROUTE,2021-08-30,1904.4,2007.9,1895.5,1982.75,1888.55,569212
ROUTE MOBILE LIMITED,ROUTE,2021-08-27,1916.0,1917.95,1880.0,1888.55,1909.9,175590
ROUTE MOBILE LIMITED,ROUTE,2021-08-26,1934.0,1939.7,1893.95,1909.9,1927.85,131625
ROUTE MOBILE LIMITED,ROUTE,2021-08-25,1906.7,1958.5,1898.5,1927.85,1891.55,307261
ROUTE MOBILE LIMITED,ROUTE,2021-08-24,1792.4,1917.0,1763.45,1891.55,1782.35,399177
ROUTE MOBILE LIMITED,ROUTE,2021-08-23,1875.0,1909.0,1754.0,1782.35,1894.5,379743
ROUTE MOBILE LIMITED,ROUTE,2021-08-20,1918.75,1933.1,1888.2,1894.5,1937.95,166839
ROUTE MOBILE LIMITED,ROUTE,2021-08-18,1958.8,1966.7,1930.0,1937.95,1954.2,116940
ROUTE MOBILE LIMITED,ROUTE,2021-08-17,1946.0,1985.7,1925.0,1954.2,1940.6,203875
ROUTE MOBILE LIMITED,ROUTE,2021-08-16,1972.0,1972.85,1930.0,1940.6,1972.45,146204
ROUTE MOBILE LIMITED,ROUTE,2021-08-13,2018.75,2022.0,1965.9,1972.45,1987.05,180489
ROUTE MOBILE LIMITED,ROUTE,2021-08-12,1924.5,2014.0,1910.0,1987.05,1917.9,289941
ROUTE MOBILE LIMITED,ROUTE,2021-08-11,1946.0,1950.95,1864.15,1917.9,1935.1,324898
ROUTE MOBILE LIMITED,ROUTE,2021-08-10,1957.8,1973.55,1905.55,1935.1,1949.1,225859
ROUTE MOBILE LIMITED,ROUTE,2021-08-09,1988.6,1994.45,1942.0,1949.1,1974.9,260966
ROUTE MOBILE LIMITED,ROUTE,2021-08-06,1979.0,2029.8,1966.0,1974.9,1970.55,475573
ROUTE MOBILE LIMITED,ROUTE,2021-08-05,2009.9,2027.0,1961.75,1970.55,1998.35,371989
ROUTE MOBILE LIMITED,ROUTE,2021-08-04,2027.8,2058.0,1978.55,1998.35,2019.2,446679
ROUTE MOBILE LIMITED,ROUTE,2021-08-03,2057.7,2067.95,2015.95,2019.2,2047.05,373902
ROUTE MOBILE LIMITED,ROUTE,2021-08-02,2083.0,2094.0,2040.0,2047.05,2064.35,457666
ROUTE MOBILE LIMITED,ROUTE,2021-07-30,2081.0,2134.0,2056.0,2064.35,2074.5,550023
ROUTE MOBILE LIMITED,ROUTE,2021-07-29,2115.0,2138.0,2062.0,2074.5,2176.45,769021
ROUTE MOBILE LIMITED,ROUTE,2021-07-28,2163.6,2231.9,2126.55,2176.45,2148.45,1038130
ROUTE MOBILE LIMITED,ROUTE,2021-07-27,2134.0,2213.9,2115.0,2148.45,2119.65,889770
ROUTE MOBILE LIMITED,ROUTE,2021-07-26,2141.1,2152.0,2109.6,2119.65,2136.2,220635
ROUTE MOBILE LIMITED,ROUTE,2021-07-23,2084.3,2222.0,2084.0,2136.2,2072.85,1139213
ROUTE MOBILE LIMITED,ROUTE,2021-07-22,2080.15,2108.2,2061.9,2072.85,2059.9,232656
ROUTE MOBILE LIMITED,ROUTE,2021-07-20,2125.15,2137.95,2043.1,2059.9,2123.7,441329
ROUTE MOBILE LIMITED,ROUTE,2021-07-16,2149.0,2175.0,2125.0,2152.45,2133.15,452326
ROUTE MOBILE LIMITED,ROUTE,2021-07-15,2173.6,2239.8,2112.15,2133.15,2165.35,1445698
ROUTE MOBILE LIMITED,ROUTE,2021-07-14,2051.0,2198.4,2048.0,2165.35,2047.8,2055385
ROUTE MOBILE LIMITED,ROUTE,2021-07-13,2091.0,2098.7,2026.0,2047.8,2077.75,398915
ROUTE MOBILE LIMITED,ROUTE,2021-07-12,2127.0,2140.0,2061.0,2077.75,2111.7,519016
ROUTE MOBILE LIMITED,ROUTE,2021-07-09,2101.75,2153.9,2081.0,2111.7,2088.85,749415
ROUTE MOBILE LIMITED,ROUTE,2021-07-08,2102.9,2129.0,2042.0,2088.85,2083.45,711501
ROUTE MOBILE LIMITED,ROUTE,2021-07-07,2032.0,2162.0,2012.05,2083.45,2030.45,1924527
ROUTE MOBILE LIMITED,ROUTE,2021-07-06,2110.0,2129.0,2020.0,2030.45,2123.15,1596134
ROUTE MOBILE LIMITED,ROUTE,2021-07-05,2165.0,2307.0,2105.0,2123.15,2102.2,5828424
ROUTE MOBILE LIMITED,ROUTE,2021-07-02,1786.7,2124.2,1785.0,2102.2,1770.2,9318553
ROUTE MOBILE LIMITED,ROUTE,2021-07-01,1727.7,1784.9,1708.0,1770.2,1723.2,598297
ROUTE MOBILE LIMITED,ROUTE,2021-06-30,1697.0,1743.85,1684.35,1723.2,1687.45,435206
ROUTE MOBILE LIMITED,ROUTE,2021-06-29,1687.0,1719.0,1681.0,1687.45,1696.8,130224
ROUTE MOBILE LIMITED,ROUTE,2021-06-28,1719.9,1725.95,1691.0,1696.8,1713.8,135265
ROUTE MOBILE LIMITED,ROUTE,2021-06-25,1719.8,1741.95,1708.05,1713.8,1712.0,154520
ROUTE MOBILE LIMITED,ROUTE,2021-06-24,1734.0,1750.0,1706.0,1712.0,1724.55,217008
ROUTE MOBILE LIMITED,ROUTE,2021-06-23,1742.0,1757.0,1716.0,1724.55,1731.05,241846
ROUTE MOBILE LIMITED,ROUTE,2021-06-22,1737.0,1792.0,1723.0,1731.05,1737.95,409039
ROUTE MOBILE LIMITED,ROUTE,2021-06-21,1654.7,1763.8,1640.0,1737.95,1687.9,545977
ROUTE MOBILE LIMITED,ROUTE,2021-06-18,1764.3,1778.85,1655.25,1687.9,1752.8,443685
ROUTE MOBILE LIMITED,ROUTE,2021-06-16,1742.0,1756.0,1710.95,1717.9,1742.45,195795
ROUTE MOBILE LIMITED,ROUTE,2021-06-15,1732.0,1767.0,1723.55,1742.45,1720.95,361233
ROUTE MOBILE LIMITED,ROUTE,2021-06-14,1751.0,1751.0,1676.1,1720.95,1751.55,333678
ROUTE MOBILE LIMITED,ROUTE,2021-06-11,1769.0,1784.0,1742.05,1751.55,1759.9,284847
ROUTE MOBILE LIMITED,ROUTE,2021-06-10,1755.0,1795.95,1752.1,1759.9,1743.55,407127
ROUTE MOBILE LIMITED,ROUTE,2021-06-09,1820.0,1855.0,1730.0,1743.55,1807.8,850018
ROUTE MOBILE LIMITED,ROUTE,2021-06-08,1767.3,1845.0,1742.0,1807.8,1757.85,1509325
ROUTE MOBILE LIMITED,ROUTE,2021-06-07,1727.0,1780.0,1708.0,1757.85,1713.55,744519
ROUTE MOBILE LIMITED,ROUTE,2021-06-04,1728.0,1739.8,1705.2,1713.55,1721.45,215610
ROUTE MOBILE LIMITED,ROUTE,2021-06-02,1700.0,1763.9,1694.0,1719.15,1673.15,1079925
ROUTE MOBILE LIMITED,ROUTE,2021-06-01,1694.4,1728.0,1670.0,1673.15,1680.05,411587
ROUTE MOBILE LIMITED,ROUTE,2021-05-31,1715.0,1728.45,1675.0,1680.05,1714.85,397243
ROUTE MOBILE LIMITED,ROUTE,2021-05-28,1780.0,1794.7,1705.0,1714.85,1765.9,670413
ROUTE MOBILE LIMITED,ROUTE,2021-05-27,1722.0,1780.0,1652.0,1765.9,1715.15,1629733
ROUTE MOBILE LIMITED,ROUTE,2021-05-26,1690.0,1776.0,1681.0,1715.15,1679.85,2651189
ROUTE MOBILE LIMITED,ROUTE,2021-05-25,1521.4,1719.0,1521.35,1679.85,1510.65,4729809
ROUTE MOBILE LIMITED,ROUTE,2021-05-24,1534.7,1542.55,1507.0,1510.65,1525.5,273817
ROUTE MOBILE LIMITED,ROUTE,2021-05-21,1535.0,1560.0,1519.1,1525.5,1515.0,372540
ROUTE MOBILE LIMITED,ROUTE,2021-05-20,1540.0,1548.0,1505.0,1515.0,1513.05,252428
ROUTE MOBILE LIMITED,ROUTE,2021-05-19,1500.0,1580.0,1497.5,1513.05,1549.1,654056
ROUTE MOBILE LIMITED,ROUTE,2021-05-18,1564.0,1599.0,1528.05,1549.1,1536.65,543114
ROUTE MOBILE LIMITED,ROUTE,2021-05-17,1564.0,1627.95,1528.85,1536.65,1539.15,512625
ROUTE MOBILE LIMITED,ROUTE,2021-05-14,1583.7,1592.85,1500.0,1539.15,1571.6,283494
ROUTE MOBILE LIMITED,ROUTE,2021-05-12,1587.7,1621.95,1565.0,1571.6,1580.4,285331
ROUTE MOBILE LIMITED,ROUTE,2021-05-10,1616.0,1637.85,1600.0,1606.35,1604.35,151457
ROUTE MOBILE LIMITED,ROUTE,2021-05-07,1605.05,1648.4,1600.0,1604.35,1602.85,314525
ROUTE MOBILE LIMITED,ROUTE,2021-05-06,1599.7,1629.0,1562.45,1602.85,1587.5,254062
ROUTE MOBILE LIMITED,ROUTE,2021-05-05,1593.8,1606.0,1575.0,1587.5,1574.25,140168
ROUTE MOBILE LIMITED,ROUTE,2021-05-04,1623.0,1660.0,1561.1,1574.25,1608.5,257546
ROUTE MOBILE LIMITED,ROUTE,2021-05-03,1631.0,1633.9,1603.25,1608.5,1639.4,212930
ROUTE MOBILE LIMITED,ROUTE,2021-04-30,1616.0,1680.0,1596.4,1639.4,1610.65,321890
ROUTE MOBILE LIMITED,ROUTE,2021-04-29,1634.4,1653.0,1590.0,1610.65,1619.05,354651
ROUTE MOBILE LIMITED,ROUTE,2021-04-28,1586.0,1644.0,1580.0,1619.05,1575.35,441871
ROUTE MOBILE LIMITED,ROUTE,2021-04-27,1558.0,1605.0,1554.0,1575.35,1550.0,326585
ROUTE MOBILE LIMITED,ROUTE,2021-04-26,1540.0,1574.0,1536.5,1550.0,1527.55,182975
ROUTE MOBILE LIMITED,ROUTE,2021-04-23,1540.05,1581.0,1511.6,1527.55,1543.95,258108
ROUTE MOBILE LIMITED,ROUTE,2021-04-22,1483.0,1549.25,1472.4,1543.95,1489.35,337065
ROUTE MOBILE LIMITED,ROUTE,2021-04-20,1475.0,1528.8,1466.0,1489.35,1456.15,268213
ROUTE MOBILE LIMITED,ROUTE,2021-04-19,1460.0,1477.9,1422.25,1456.15,1498.45,370011
ROUTE MOBILE LIMITED,ROUTE,2021-04-16,1513.0,1536.0,1486.25,1498.45,1498.8,431478
ROUTE MOBILE LIMITED,ROUTE,2021-04-15,1539.5,1539.5,1481.75,1498.8,1541.8,335116
ROUTE MOBILE LIMITED,ROUTE,2021-04-13,1551.0,1612.8,1527.65,1541.8,1539.05,431914
ROUTE MOBILE LIMITED,ROUTE,2021-04-12,1660.0,1660.0,1525.1,1539.05,1700.05,632688
ROUTE MOBILE LIMITED,ROUTE,2021-04-09,1708.0,1718.85,1660.2,1700.05,1705.75,442078
ROUTE MOBILE LIMITED,ROUTE,2021-04-08,1708.7,1768.0,1693.25,1705.75,1674.2,828423
ROUTE MOBILE LIMITED,ROUTE,2021-04-07,1650.0,1714.0,1621.1,1674.2,1650.7,953755
ROUTE MOBILE LIMITED,ROUTE,2021-04-06,1536.9,1671.0,1522.25,1650.7,1519.15,1165132
ROUTE MOBILE LIMITED,ROUTE,2021-04-05,1477.7,1540.0,1451.0,1519.15,1469.7,716708
ROUTE MOBILE LIMITED,ROUTE,2021-04-01,1422.0,1485.0,1420.0,1469.7,1409.8,485394
ROUTE MOBILE LIMITED,ROUTE,2021-03-30,1477.8,1477.9,1415.0,1424.6,1450.95,249201
ROUTE MOBILE LIMITED,ROUTE,2021-03-26,1432.7,1491.7,1421.05,1450.95,1415.0,351593
ROUTE MOBILE LIMITED,ROUTE,2021-03-25,1482.0,1492.3,1395.45,1415.0,1488.7,408242
ROUTE MOBILE LIMITED,ROUTE,2021-03-24,1525.0,1537.0,1485.0,1488.7,1527.2,193928
ROUTE MOBILE LIMITED,ROUTE,2021-03-23,1560.0,1577.95,1522.0,1527.2,1550.05,276923
ROUTE MOBILE LIMITED,ROUTE,2021-03-22,1572.0,1594.0,1535.25,1550.05,1565.65,202164
ROUTE MOBILE LIMITED,ROUTE,2021-03-19,1550.0,1599.0,1490.65,1565.65,1573.4,424377
ROUTE MOBILE LIMITED,ROUTE,2021-03-18,1601.0,1616.9,1534.15,1573.4,1585.2,407146
ROUTE MOBILE LIMITED,ROUTE,2021-03-17,1608.0,1640.75,1578.9,1585.2,1602.25,275620
ROUTE MOBILE LIMITED,ROUTE,2021-03-16,1628.0,1669.75,1596.8,1602.25,1618.0,406235
ROUTE MOBILE LIMITED,ROUTE,2021-03-15,1651.7,1658.0,1583.0,1618.0,1642.6,364247
ROUTE MOBILE LIMITED,ROUTE,2021-03-12,1618.6,1738.8,1590.1,1642.6,1599.35,1299100
ROUTE MOBILE LIMITED,ROUTE,2021-03-10,1631.0,1638.7,1572.1,1599.35,1615.95,345480
ROUTE MOBILE LIMITED,ROUTE,2021-03-09,1681.7,1684.95,1603.35,1615.95,1663.7,257502
ROUTE MOBILE LIMITED,ROUTE,2021-03-08,1712.0,1735.0,1655.0,1663.7,1695.2,278713
ROUTE MOBILE LIMITED,ROUTE,2021-03-05,1721.0,1753.7,1660.0,1695.2,1715.85,306983
ROUTE MOBILE LIMITED,ROUTE,2021-03-04,1729.0,1755.0,1709.0,1715.85,1753.15,317644
ROUTE MOBILE LIMITED,ROUTE,2021-03-03,1761.0,1818.0,1742.35,1753.15,1747.1,431741
ROUTE MOBILE LIMITED,ROUTE,2021-03-02,1724.0,1763.7,1700.0,1747.1,1708.15,348401
ROUTE MOBILE LIMITED,ROUTE,2021-03-01,1688.6,1768.0,1672.7,1708.15,1657.15,450770
ROUTE MOBILE LIMITED,ROUTE,2021-02-26,1662.0,1714.75,1621.0,1657.15,1679.75,541474
ROUTE MOBILE LIMITED,ROUTE,2021-02-25,1690.0,1732.5,1670.0,1679.75,1663.65,488145
ROUTE MOBILE LIMITED,ROUTE,2021-02-24,1774.8,1783.65,1653.25,1663.65,1753.75,540045
ROUTE MOBILE LIMITED,ROUTE,2021-02-23,1777.5,1828.0,1742.1,1753.75,1748.8,531898
ROUTE MOBILE LIMITED,ROUTE,2021-02-22,1873.6,1883.2,1681.0,1748.8,1860.15,748428
ROUTE MOBILE LIMITED,ROUTE,2021-02-19,1834.9,1934.8,1805.65,1860.15,1832.75,871677
ROUTE MOBILE LIMITED,ROUTE,2021-02-18,1943.7,1977.85,1800.0,1832.75,1922.15,1040080
ROUTE MOBILE LIMITED,ROUTE,2021-02-17,1828.0,1979.65,1818.0,1922.15,1827.6,1642725
ROUTE MOBILE LIMITED,ROUTE,2021-02-16,1795.0,1890.0,1761.0,1827.6,1792.5,1571357
ROUTE MOBILE LIMITED,ROUTE,2021-02-15,1606.0,1892.0,1529.7,1792.5,1594.55,3410069
ROUTE MOBILE LIMITED,ROUTE,2021-02-12,1635.0,1694.0,1515.3,1594.55,1525.3,3055615
ROUTE MOBILE LIMITED,ROUTE,2021-02-11,1279.9,1525.3,1277.05,1525.3,1271.1,3028442
ROUTE MOBILE LIMITED,ROUTE,2021-02-10,1233.0,1285.05,1230.0,1271.1,1224.8,588212
ROUTE MOBILE LIMITED,ROUTE,2021-02-09,1204.0,1238.7,1190.0,1224.8,1193.8,353287
ROUTE MOBILE LIMITED,ROUTE,2021-02-08,1173.7,1207.75,1165.0,1193.8,1157.9,423759
ROUTE MOBILE LIMITED,ROUTE,2021-02-05,1143.7,1178.0,1136.0,1157.9,1129.95,384005
ROUTE MOBILE LIMITED,ROUTE,2021-02-04,1129.0,1148.9,1120.85,1129.95,1130.7,164146
ROUTE MOBILE LIMITED,ROUTE,2021-02-03,1128.7,1155.0,1119.0,1130.7,1119.2,260956
ROUTE MOBILE LIMITED,ROUTE,2021-02-02,1150.0,1172.0,1110.5,1119.2,1142.15,316815
ROUTE MOBILE LIMITED,ROUTE,2021-02-01,1143.0,1166.0,1090.0,1142.15,1134.15,400771
ROUTE MOBILE LIMITED,ROUTE,2021-01-29,1148.0,1172.0,1125.15,1134.15,1148.0,887876
ROUTE MOBILE LIMITED,ROUTE,2021-01-28,1265.0,1300.0,1142.7,1148.0,1269.65,1598004
ROUTE MOBILE LIMITED,ROUTE,2021-01-27,1250.0,1305.0,1235.0,1269.65,1239.15,1216477
ROUTE MOBILE LIMITED,ROUTE,2021-01-25,1223.0,1255.25,1176.0,1239.15,1214.5,443601
ROUTE MOBILE LIMITED,ROUTE,2021-01-22,1200.0,1227.9,1186.75,1214.5,1199.45,420049
ROUTE MOBILE LIMITED,ROUTE,2021-01-21,1190.0,1230.0,1180.85,1199.45,1184.75,526496
ROUTE MOBILE LIMITED,ROUTE,2021-01-20,1144.1,1195.95,1135.6,1184.75,1146.25,473475
ROUTE MOBILE LIMITED,ROUTE,2021-01-19,1134.4,1155.0,1128.45,1146.25,1123.15,133588
ROUTE MOBILE LIMITED,ROUTE,2021-01-18,1148.0,1157.0,1115.1,1123.15,1149.2,172546
ROUTE MOBILE LIMITED,ROUTE,2021-01-15,1175.9,1175.9,1143.0,1149.2,1181.8,353474
ROUTE MOBILE LIMITED,ROUTE,2021-01-14,1150.0,1195.0,1117.0,1181.8,1141.7,452109
ROUTE MOBILE LIMITED,ROUTE,2021-01-13,1179.0,1198.05,1125.0,1141.7,1171.65,419539
ROUTE MOBILE LIMITED,ROUTE,2021-01-12,1175.5,1189.9,1155.0,1171.65,1188.8,272335
ROUTE MOBILE LIMITED,ROUTE,2021-01-11,1216.0,1219.9,1185.0,1188.8,1204.65,299576
ROUTE MOBILE LIMITED,ROUTE,2021-01-08,1196.4,1224.85,1196.35,1204.65,1185.5,381924
ROUTE MOBILE LIMITED,ROUTE,2021-01-07,1213.0,1240.0,1171.0,1185.5,1199.35,571258
ROUTE MOBILE LIMITED,ROUTE,2021-01-06,1180.0,1252.0,1166.0,1199.35,1174.55,1232889
ROUTE MOBILE LIMITED,ROUTE,2021-01-05,1190.0,1207.0,1148.0,1174.55,1186.25,679736
ROUTE MOBILE LIMITED,ROUTE,2021-01-04,1117.3,1198.0,1117.3,1186.25,1112.0,726939
ROUTE MOBILE LIMITED,ROUTE,2021-01-01,1099.0,1127.0,1099.0,1112.0,1098.6,317598
ROUTE MOBILE LIMITED,ROUTE,2020-12-31,1111.0,1120.0,1091.1,1098.6,1107.4,228390
ROUTE MOBILE LIMITED,ROUTE,2020-12-30,1133.0,1136.2,1100.0,1107.4,1129.45,272687
ROUTE MOBILE LIMITED,ROUTE,2020-12-29,1156.0,1160.0,1121.0,1129.45,1147.15,269729
ROUTE MOBILE LIMITED,ROUTE,2020-12-28,1130.9,1161.0,1121.0,1147.15,1121.0,369236
ROUTE MOBILE LIMITED,ROUTE,2020-12-24,1138.9,1155.1,1110.65,1121.0,1124.95,304496
ROUTE MOBILE LIMITED,ROUTE,2020-12-23,1068.0,1135.0,1068.0,1124.95,1062.25,473736
ROUTE MOBILE LIMITED,ROUTE,2020-12-22,1080.0,1107.95,1010.0,1062.25,1069.75,698221
ROUTE MOBILE LIMITED,ROUTE,2020-12-21,1174.0,1178.9,1048.35,1069.75,1158.65,691389
ROUTE MOBILE LIMITED,ROUTE,2020-12-18,1138.8,1198.0,1123.75,1158.65,1123.8,1024578
ROUTE MOBILE LIMITED,ROUTE,2020-12-17,1125.0,1143.9,1111.15,1123.8,1125.45,241631
ROUTE MOBILE LIMITED,ROUTE,2020-12-16,1129.6,1140.0,1120.0,1125.45,1116.6,186477
ROUTE MOBILE LIMITED,ROUTE,2020-12-15,1116.0,1144.2,1094.1,1116.6,1109.9,323330
ROUTE MOBILE LIMITED,ROUTE,2020-12-14,1139.7,1147.0,1100.45,1109.9,1126.25,182987
ROUTE MOBILE LIMITED,ROUTE,2020-12-11,1136.0,1163.6,1121.1,1126.25,1135.65,242217
ROUTE MOBILE LIMITED,ROUTE,2020-12-10,1195.8,1195.8,1077.0,1135.65,1196.35,255321
ROUTE MOBILE LIMITED,ROUTE,2020-12-09,1204.8,1218.7,1186.2,1196.35,1192.4,286340
ROUTE MOBILE LIMITED,ROUTE,2020-12-08,1186.0,1211.9,1155.3,1192.4,1186.15,419907
ROUTE MOBILE LIMITED,ROUTE,2020-12-07,1255.0,1275.0,1172.0,1186.15,1216.8,849450
ROUTE MOBILE LIMITED,ROUTE,2020-12-04,1184.9,1216.8,1146.6,1216.8,1158.9,831787
ROUTE MOBILE LIMITED,ROUTE,2020-12-03,1109.0,1158.9,1093.45,1158.9,1103.75,510076
ROUTE MOBILE LIMITED,ROUTE,2020-12-02,1150.0,1162.25,1078.1,1103.75,1106.95,1028984
ROUTE MOBILE LIMITED,ROUTE,2020-12-01,1078.0,1106.95,1071.95,1106.95,1054.25,417669
ROUTE MOBILE LIMITED,ROUTE,2020-11-27,1015.25,1054.25,1005.0,1054.25,1004.05,396588
ROUTE MOBILE LIMITED,ROUTE,2020-11-26,964.0,1004.05,964.0,1004.05,956.25,493614
ROUTE MOBILE LIMITED,ROUTE,2020-11-25,992.0,1004.9,950.0,956.25,986.85,482684
ROUTE MOBILE LIMITED,ROUTE,2020-11-24,976.4,1007.7,965.0,986.85,975.45,337084
ROUTE MOBILE LIMITED,ROUTE,2020-11-23,1008.0,1020.0,965.15,975.45,992.55,353784
ROUTE MOBILE LIMITED,ROUTE,2020-11-20,950.0,992.55,950.0,992.55,945.3,668413
ROUTE MOBILE LIMITED,ROUTE,2020-11-19,930.0,977.75,926.05,945.3,931.2,628046
ROUTE MOBILE LIMITED,ROUTE,2020-11-18,945.0,951.0,925.25,931.2,940.95,269755
ROUTE MOBILE LIMITED,ROUTE,2020-11-17,933.6,967.85,918.0,940.95,933.6,537915
ROUTE MOBILE LIMITED,ROUTE,2020-11-14,926.05,939.9,926.05,933.6,919.45,112134
ROUTE MOBILE LIMITED,ROUTE,2020-11-13,925.0,939.9,916.25,919.45,923.95,299782
ROUTE MOBILE LIMITED,ROUTE,2020-11-12,900.0,945.7,892.35,923.95,900.7,645493
ROUTE MOBILE LIMITED,ROUTE,2020-11-11,915.0,918.0,885.0,900.7,914.55,451820
ROUTE MOBILE LIMITED,ROUTE,2020-11-10,940.0,940.0,905.1,914.55,933.5,440363
ROUTE MOBILE LIMITED,ROUTE,2020-11-09,932.0,955.0,916.0,933.5,926.2,692745
ROUTE MOBILE LIMITED,ROUTE,2020-11-06,939.0,985.0,905.6,926.2,940.5,1801765
ROUTE MOBILE LIMITED,ROUTE,2020-11-05,966.1,994.4,940.5,940.5,990.0,1119805
ROUTE MOBILE LIMITED,ROUTE,2020-11-04,990.0,1029.0,990.0,990.0,1042.1,348589
ROUTE MOBILE LIMITED,ROUTE,2020-11-03,1151.7,1151.7,1042.1,1042.1,1096.9,1365938
ROUTE MOBILE LIMITED,ROUTE,2020-11-02,990.9,1096.9,982.35,1096.9,997.2,2019426
ROUTE MOBILE LIMITED,ROUTE,2020-10-30,945.0,1012.9,934.4,997.2,949.15,2158618
ROUTE MOBILE LIMITED,ROUTE,2020-10-29,914.9,989.9,885.3,949.15,912.6,4021026
ROUTE MOBILE LIMITED,ROUTE,2020-10-28,835.0,912.6,829.65,912.6,829.65,3837837
ROUTE MOBILE LIMITED,ROUTE,2020-10-27,801.0,840.0,772.0,829.65,795.45,1060948
ROUTE MOBILE LIMITED,ROUTE,2020-10-26,798.0,814.7,777.7,795.45,803.2,559455
ROUTE MOBILE LIMITED,ROUTE,2020-10-23,832.0,841.3,790.0,803.2,821.85,1717361
ROUTE MOBILE LIMITED,ROUTE,2020-10-22,751.8,827.95,741.65,821.85,752.7,2743908
ROUTE MOBILE LIMITED,ROUTE,2020-10-21,728.0,776.6,720.05,752.7,720.35,1852912
ROUTE MOBILE LIMITED,ROUTE,2020-10-20,715.0,727.35,707.0,720.35,715.75,552843
ROUTE MOBILE LIMITED,ROUTE,2020-10-19,720.85,743.8,706.55,715.75,708.4,1516696
ROUTE MOBILE LIMITED,ROUTE,2020-10-16,770.0,770.0,687.6,708.4,763.95,3319561
ROUTE MOBILE LIMITED,ROUTE,2020-10-15,780.0,781.0,751.15,763.95,772.6,298025
ROUTE MOBILE LIMITED,ROUTE,2020-10-14,778.8,791.85,768.2,772.6,778.15,398436
ROUTE MOBILE LIMITED,ROUTE,2020-10-13,765.1,799.0,753.05,778.15,765.1,759746
ROUTE MOBILE LIMITED,ROUTE,2020-10-12,789.9,790.0,758.25,765.1,788.0,389185
ROUTE MOBILE LIMITED,ROUTE,2020-10-09,803.7,806.2,782.0,788.0,798.9,368973
ROUTE MOBILE LIMITED,ROUTE,2020-10-08,784.0,828.8,782.0,798.9,784.55,1414754
ROUTE MOBILE LIMITED,ROUTE,2020-10-07,809.0,809.0,780.2,784.55,806.65,621724
ROUTE MOBILE LIMITED,ROUTE,2020-10-06,835.0,835.0,801.1,806.65,827.4,916568
ROUTE MOBILE LIMITED,ROUTE,2020-10-05,790.65,849.4,771.15,827.4,783.45,3141795
ROUTE MOBILE LIMITED,ROUTE,2020-10-01,821.0,832.0,758.0,783.45,806.75,1835908
ROUTE MOBILE LIMITED,ROUTE,2020-09-30,785.0,847.0,772.2,806.75,827.7,4641762
ROUTE MOBILE LIMITED,ROUTE,2020-09-28,944.95,969.0,910.0,919.65,938.8,2804287
ROUTE MOBILE LIMITED,ROUTE,2020-09-25,932.0,988.0,896.4,938.8,903.6,9590008
ROUTE MOBILE LIMITED,ROUTE,2020-09-24,830.5,978.6,806.3,903.6,824.25,17844997
ROUTE MOBILE LIMITED,ROUTE,2020-09-23,714.0,833.1,708.15,824.25,694.25,14866529
ROUTE MOBILE LIMITED,ROUTE,2020-09-22,664.7,703.9,635.85,694.25,651.3,6302385
ROUTE MOBILE LIMITED,ROUTE,2020-09-21,717.0,735.0,625.0,651.3,350.0,29189660
